method_id,view,n,arm,stratum_id,category,value_kind,planned_cases,null_values,count,mean,min,q25,median,q75,max
cosine_distance_v1,retained_prose,4,full,stratum-01,same_account_same_community,score,40,0,40,0.16342376252369012,0.13072509676590705,0.14554370721111268,0.15537210207711882,0.1767229494713262,0.24425325533741782
cosine_distance_v1,retained_prose,4,full,stratum-01,same_account_same_community,raw_distance,40,0,40,0.16342376252369012,0.13072509676590705,0.14554370721111268,0.15537210207711882,0.1767229494713262,0.24425325533741782
cosine_distance_v1,retained_prose,4,full,stratum-01,different_account_same_community,score,40,0,40,0.19296513631121012,0.14763201545391857,0.1751963104021975,0.18764712556297708,0.2058333009990752,0.2623205530359797
cosine_distance_v1,retained_prose,4,full,stratum-01,different_account_same_community,raw_distance,40,0,40,0.19296513631121012,0.14763201545391857,0.1751963104021975,0.18764712556297708,0.2058333009990752,0.2623205530359797
cosine_distance_v1,retained_prose,4,full,stratum-01,same_account_different_community,score,40,0,40,0.16434488013790968,0.13660776507928407,0.15056756950479938,0.16031832115386613,0.17789953188086294,0.21122592306574361
cosine_distance_v1,retained_prose,4,full,stratum-01,same_account_different_community,raw_distance,40,0,40,0.16434488013790968,0.13660776507928407,0.15056756950479938,0.16031832115386613,0.17789953188086294,0.21122592306574361
cosine_distance_v1,retained_prose,4,full,stratum-01,different_account_different_community,score,40,0,40,0.19234481735965367,0.1575950529006489,0.17655094351377207,0.18693628839803972,0.20135246099881565,0.278487221645487
cosine_distance_v1,retained_prose,4,full,stratum-01,different_account_different_community,raw_distance,40,0,40,0.19234481735965367,0.1575950529006489,0.17655094351377207,0.18693628839803972,0.20135246099881565,0.278487221645487
cosine_distance_v1,retained_prose,4,full,stratum-02,same_account_same_community,score,40,0,40,0.18884152190129097,0.13392541928375978,0.15486337025632682,0.17773783073745614,0.19991044854671328,0.5552995355500681
cosine_distance_v1,retained_prose,4,full,stratum-02,same_account_same_community,raw_distance,40,0,40,0.18884152190129097,0.13392541928375978,0.15486337025632682,0.17773783073745614,0.19991044854671328,0.5552995355500681
cosine_distance_v1,retained_prose,4,full,stratum-02,different_account_same_community,score,40,0,40,0.2241535160811941,0.1505283746491114,0.18570620701181761,0.2030046003391099,0.2426536000845588,0.5455977970821023
cosine_distance_v1,retained_prose,4,full,stratum-02,different_account_same_community,raw_distance,40,0,40,0.2241535160811941,0.1505283746491114,0.18570620701181761,0.2030046003391099,0.2426536000845588,0.5455977970821023
cosine_distance_v1,retained_prose,4,full,stratum-02,same_account_different_community,score,40,0,40,0.19948240112234114,0.12165323909959691,0.1661750723196717,0.18800714689068887,0.20710860923421665,0.5390469767005834
cosine_distance_v1,retained_prose,4,full,stratum-02,same_account_different_community,raw_distance,40,0,40,0.19948240112234114,0.12165323909959691,0.1661750723196717,0.18800714689068887,0.20710860923421665,0.5390469767005834
cosine_distance_v1,retained_prose,4,full,stratum-02,different_account_different_community,score,40,0,40,0.2278879574320393,0.1561919832818517,0.18709428170478085,0.21943188744782854,0.2446440611973631,0.5442187851449581
cosine_distance_v1,retained_prose,4,full,stratum-02,different_account_different_community,raw_distance,40,0,40,0.2278879574320393,0.1561919832818517,0.18709428170478085,0.21943188744782854,0.2446440611973631,0.5442187851449581
cosine_distance_v1,retained_prose,4,full,stratum-03,same_account_same_community,score,40,0,40,0.19265296107005023,0.12804753319788853,0.1540335589484104,0.1919836093496426,0.21887701275198232,0.31239877282438855
cosine_distance_v1,retained_prose,4,full,stratum-03,same_account_same_community,raw_distance,40,0,40,0.19265296107005023,0.12804753319788853,0.1540335589484104,0.1919836093496426,0.21887701275198232,0.31239877282438855
cosine_distance_v1,retained_prose,4,full,stratum-03,different_account_same_community,score,40,0,40,0.2350057432667909,0.1604445792413487,0.20544000767403417,0.22778232650186048,0.25855877397932026,0.3767804797401102
cosine_distance_v1,retained_prose,4,full,stratum-03,different_account_same_community,raw_distance,40,0,40,0.2350057432667909,0.1604445792413487,0.20544000767403417,0.22778232650186048,0.25855877397932026,0.3767804797401102
cosine_distance_v1,retained_prose,4,full,stratum-03,same_account_different_community,score,40,0,40,0.20697967968049774,0.13570328244185037,0.1806686797236865,0.1955330213014861,0.22236072044890273,0.363595986676715
cosine_distance_v1,retained_prose,4,full,stratum-03,same_account_different_community,raw_distance,40,0,40,0.20697967968049774,0.13570328244185037,0.1806686797236865,0.1955330213014861,0.22236072044890273,0.363595986676715
cosine_distance_v1,retained_prose,4,full,stratum-03,different_account_different_community,score,40,0,40,0.24385623756561392,0.17213757947171127,0.2127458376978238,0.23807203830891238,0.26495584595219585,0.36341849891760203
cosine_distance_v1,retained_prose,4,full,stratum-03,different_account_different_community,raw_distance,40,0,40,0.24385623756561392,0.17213757947171127,0.2127458376978238,0.23807203830891238,0.26495584595219585,0.36341849891760203
cosine_distance_v1,retained_prose,4,hash75,stratum-01,same_account_same_community,score,40,5,35,0.19957835707402236,0.14781198540707274,0.17926530718419614,0.1945799702687424,0.2160235237556989,0.28731902898218
cosine_distance_v1,retained_prose,4,hash75,stratum-01,same_account_same_community,raw_distance,40,0,40,0.20605189359500078,0.14781198540707274,0.18034818874803593,0.20280092813413642,0.22546695701207797,0.28936967289892235
cosine_distance_v1,retained_prose,4,hash75,stratum-01,different_account_same_community,score,40,4,36,0.2304471707830391,0.17277788321106358,0.20878747500348988,0.22175962885693,0.2393887718102392,0.3221075645877405
cosine_distance_v1,retained_prose,4,hash75,stratum-01,different_account_same_community,raw_distance,40,0,40,0.23489969037123984,0.17277788321106358,0.21009657493409067,0.22412403373716222,0.258616727062576,0.3221075645877405
cosine_distance_v1,retained_prose,4,hash75,stratum-01,same_account_different_community,score,40,4,36,0.1995510290709111,0.15511683646966723,0.18295032165404135,0.19188394576772894,0.21903393043312636,0.25238753045288276
cosine_distance_v1,retained_prose,4,hash75,stratum-01,same_account_different_community,raw_distance,40,0,40,0.2051617868768524,0.15511683646966723,0.18469856910367968,0.1953505710657381,0.22778114850622153,0.2791062510249057
cosine_distance_v1,retained_prose,4,hash75,stratum-01,different_account_different_community,score,40,5,35,0.22959806345905298,0.18054716256675352,0.21008561150988442,0.22354078872947458,0.24674186708922813,0.323685872670461
cosine_distance_v1,retained_prose,4,hash75,stratum-01,different_account_different_community,raw_distance,40,0,40,0.2351629793179138,0.18054716256675352,0.2104448435408454,0.23385082886561798,0.2493008309582533,0.323685872670461
cosine_distance_v1,retained_prose,4,hash75,stratum-02,same_account_same_community,score,40,7,33,0.22405865455218746,0.1676550970341757,0.18743515807333533,0.20467981015133163,0.23163830687447606,0.6188835829930341
cosine_distance_v1,retained_prose,4,hash75,stratum-02,same_account_same_community,raw_distance,40,0,40,0.2321146617127457,0.1676550970341757,0.19342048469133938,0.21729144965526348,0.23949524865317304,0.6188835829930341
cosine_distance_v1,retained_prose,4,hash75,stratum-02,different_account_same_community,score,40,7,33,0.2555200946316369,0.18076513693718077,0.22017910437571675,0.2440430385360134,0.25867134170084893,0.6112949884546068
cosine_distance_v1,retained_prose,4,hash75,stratum-02,different_account_same_community,raw_distance,40,0,40,0.26567856704795717,0.18076513693718077,0.221046619201327,0.24616317009424876,0.28547205814721643,0.6112949884546068
cosine_distance_v1,retained_prose,4,hash75,stratum-02,same_account_different_community,score,40,7,33,0.23334647957934132,0.15549816634514624,0.20795946074430172,0.21934233507175682,0.23660997536761486,0.6114744348935439
cosine_distance_v1,retained_prose,4,hash75,stratum-02,same_account_different_community,raw_distance,40,0,40,0.24498632750998647,0.15549816634514624,0.21181184319138968,0.22921576085782835,0.25211304559589454,0.6114744348935439
cosine_distance_v1,retained_prose,4,hash75,stratum-02,different_account_different_community,score,40,7,33,0.2587882165606822,0.18618380189962613,0.22539261247138664,0.24311547664365218,0.2705171752530181,0.6143225243537368
cosine_distance_v1,retained_prose,4,hash75,stratum-02,different_account_different_community,raw_distance,40,0,40,0.26792708195401094,0.18618380189962613,0.22823340979434192,0.25196332654356174,0.2775262403154738,0.6143225243537368
cosine_distance_v1,retained_prose,4,hash75,stratum-03,same_account_same_community,score,40,2,38,0.22843270091163123,0.1509889641379878,0.18442354540889694,0.2297247250545112,0.2551730324447784,0.4520841114450309
cosine_distance_v1,retained_prose,4,hash75,stratum-03,same_account_same_community,raw_distance,40,0,40,0.23170918093859189,0.1509889641379878,0.18884752821358508,0.23334497798142934,0.25740177797117675,0.4520841114450309
cosine_distance_v1,retained_prose,4,hash75,stratum-03,different_account_same_community,score,40,2,38,0.26841662408964023,0.1930012958867482,0.22556491871590903,0.2658164062574683,0.30535214190618687,0.42254294764427525
cosine_distance_v1,retained_prose,4,hash75,stratum-03,different_account_same_community,raw_distance,40,0,40,0.2728477099488372,0.1930012958867482,0.22556710509646813,0.2698329789756102,0.31015096640710327,0.42254294764427525
cosine_distance_v1,retained_prose,4,hash75,stratum-03,same_account_different_community,score,40,2,38,0.2410594151969084,0.14656816112271798,0.2096317910211466,0.22832434884372277,0.27127628069783555,0.4811101795031082
cosine_distance_v1,retained_prose,4,hash75,stratum-03,same_account_different_community,raw_distance,40,0,40,0.2462015376809082,0.14656816112271798,0.21030765152631903,0.2292983012505722,0.2738260613964223,0.4811101795031082
cosine_distance_v1,retained_prose,4,hash75,stratum-03,different_account_different_community,score,40,2,38,0.27518301019448793,0.186503798846556,0.23403467141755488,0.26925323360591896,0.30234103401200596,0.42816442609640937
cosine_distance_v1,retained_prose,4,hash75,stratum-03,different_account_different_community,raw_distance,40,0,40,0.2799829077947148,0.186503798846556,0.2349325772639239,0.2741920716343176,0.31214008085633693,0.42816442609640937
cosine_distance_v1,retained_prose,4,hash50,stratum-01,same_account_same_community,score,40,28,12,0.22849718884066159,0.20971160716648174,0.2157431409422621,0.23059531754834717,0.2376303897085119,0.24448481646608977
cosine_distance_v1,retained_prose,4,hash50,stratum-01,same_account_same_community,raw_distance,40,0,40,0.2753192541083404,0.20971160716648174,0.23169688008968517,0.2509154907001395,0.2996460942647285,0.6312698355624818
cosine_distance_v1,retained_prose,4,hash50,stratum-01,different_account_same_community,score,40,26,14,0.2623476098344783,0.23518325726141565,0.24575000812407646,0.2616763280835214,0.27970225934548887,0.2881649703826743
cosine_distance_v1,retained_prose,4,hash50,stratum-01,different_account_same_community,raw_distance,40,0,40,0.30445706497598224,0.23518325726141565,0.2612492308458927,0.2870607359780135,0.32305012078653733,0.6708268631272212
cosine_distance_v1,retained_prose,4,hash50,stratum-01,same_account_different_community,score,40,29,11,0.24376296555337998,0.20460204726906894,0.2278130205704576,0.2424178763423852,0.25265999676777645,0.28386258956375077
cosine_distance_v1,retained_prose,4,hash50,stratum-01,same_account_different_community,raw_distance,40,0,40,0.2744844190902115,0.20460204726906894,0.2407333545170205,0.2592043989603738,0.2916016244800069,0.5918811410805467
cosine_distance_v1,retained_prose,4,hash50,stratum-01,different_account_different_community,score,40,28,12,0.2638607415393554,0.21264665578478337,0.2493551013829775,0.25845013805668104,0.28135975449995276,0.31381646681706454
cosine_distance_v1,retained_prose,4,hash50,stratum-01,different_account_different_community,raw_distance,40,0,40,0.30189516022905677,0.21264665578478337,0.2587229552114585,0.2966695130428979,0.3320668871912702,0.6133003128140782
cosine_distance_v1,retained_prose,4,hash50,stratum-02,same_account_same_community,score,40,30,10,0.2386591014539879,0.19486194826207326,0.22153934350802149,0.22991451079899017,0.2517666809908128,0.2973466945146648
cosine_distance_v1,retained_prose,4,hash50,stratum-02,same_account_same_community,raw_distance,40,0,40,0.3036468702769269,0.19486194826207326,0.24524551247438442,0.28163461509427185,0.3171052983722461,0.710043525971638
cosine_distance_v1,retained_prose,4,hash50,stratum-02,different_account_same_community,score,40,28,12,0.2840118741352483,0.2328293226990502,0.2684360147057216,0.2883009814516931,0.29761226392592965,0.35128799728388915
cosine_distance_v1,retained_prose,4,hash50,stratum-02,different_account_same_community,raw_distance,40,0,40,0.3379456846855133,0.2328293226990502,0.2756699826285831,0.3018495855552216,0.37587751801837743,0.705726141938054
cosine_distance_v1,retained_prose,4,hash50,stratum-02,same_account_different_community,score,40,27,13,0.2615164700161794,0.20677942998375054,0.251437557808018,0.25798080043995675,0.27161302015913025,0.33334809902137674
cosine_distance_v1,retained_prose,4,hash50,stratum-02,same_account_different_community,raw_distance,40,0,40,0.31941716539757337,0.20677942998375054,0.25677611480626084,0.30740245547663164,0.3435580791252645,0.6822625047288815
cosine_distance_v1,retained_prose,4,hash50,stratum-02,different_account_different_community,score,40,28,12,0.27256531542345025,0.20435733936056433,0.2491893283115069,0.26752564992118477,0.30067295288739876,0.3564889727941434
cosine_distance_v1,retained_prose,4,hash50,stratum-02,different_account_different_community,raw_distance,40,0,40,0.33751972614506187,0.20435733936056433,0.2868517872755495,0.32175015843564325,0.35935802197006517,0.6944335231751211
cosine_distance_v1,retained_prose,4,hash50,stratum-03,same_account_same_community,score,40,26,14,0.2593581491260456,0.16420554897804251,0.23233869498353235,0.2722904425047917,0.2975887189525007,0.31617495504387205
cosine_distance_v1,retained_prose,4,hash50,stratum-03,same_account_same_community,raw_distance,40,0,40,0.323007960500651,0.16420554897804251,0.27902826046310886,0.31168231943157104,0.3745088650928171,0.5994568976936547
cosine_distance_v1,retained_prose,4,hash50,stratum-03,different_account_same_community,score,40,28,12,0.2982959401594379,0.23667162470039882,0.25364618619533175,0.2705583642326692,0.34086549982600534,0.41556171309274104
cosine_distance_v1,retained_prose,4,hash50,stratum-03,different_account_same_community,raw_distance,40,0,40,0.36305861129732964,0.2333321978542635,0.30139464305655317,0.34880713725576873,0.4129770267562116,0.6003877788717791
cosine_distance_v1,retained_prose,4,hash50,stratum-03,same_account_different_community,score,40,27,13,0.28358605028107237,0.2463999054207865,0.25346542536585337,0.26252490748166646,0.29078081226129016,0.38425025745697583
cosine_distance_v1,retained_prose,4,hash50,stratum-03,same_account_different_community,raw_distance,40,0,40,0.33741094570527796,0.23920560115756828,0.2780905678788278,0.3238386997243888,0.36871513897247415,0.5792528577127516
cosine_distance_v1,retained_prose,4,hash50,stratum-03,different_account_different_community,score,40,26,14,0.2993644855623571,0.22056165395375704,0.26858196981162674,0.3093589860833908,0.32596689277260543,0.3697313078831874
cosine_distance_v1,retained_prose,4,hash50,stratum-03,different_account_different_community,raw_distance,40,0,40,0.36920439669630706,0.22056165395375704,0.3190995928242179,0.374595263881016,0.4168601486734241,0.5354262689044578
cosine_distance_v1,retained_prose,4,middle50,stratum-01,same_account_same_community,score,40,28,12,0.2523341412719358,0.22260689318613391,0.23961921653945764,0.24722401486097978,0.26243059589195283,0.30387087198656604
cosine_distance_v1,retained_prose,4,middle50,stratum-01,same_account_same_community,raw_distance,40,0,40,0.2653625674087432,0.22260689318613391,0.2409830863736971,0.2584253161107331,0.28275384514870305,0.36221619582247266
cosine_distance_v1,retained_prose,4,middle50,stratum-01,different_account_same_community,score,40,30,10,0.2670820543716768,0.23502587354127835,0.24993389712287495,0.2618146385058745,0.2791292195527142,0.3121437434113923
cosine_distance_v1,retained_prose,4,middle50,stratum-01,different_account_same_community,raw_distance,40,0,40,0.2878864905795103,0.23502587354127835,0.2624278070842552,0.28603017707087597,0.3014758022332481,0.37215896430186557
cosine_distance_v1,retained_prose,4,middle50,stratum-01,same_account_different_community,score,40,31,9,0.2433238015236734,0.20904487355985013,0.22764564442120394,0.24555578000998735,0.25257658311113096,0.2881059607674341
cosine_distance_v1,retained_prose,4,middle50,stratum-01,same_account_different_community,raw_distance,40,0,40,0.26128838266823917,0.20893072788080425,0.24542441218565142,0.2600576424889773,0.276971767283515,0.3576612128189628
cosine_distance_v1,retained_prose,4,middle50,stratum-01,different_account_different_community,score,40,29,11,0.2632937105611012,0.2341766179361462,0.24400524111033312,0.2556650795047165,0.2853357233119046,0.3008522459719817
cosine_distance_v1,retained_prose,4,middle50,stratum-01,different_account_different_community,raw_distance,40,0,40,0.28975530928256626,0.2129347557842438,0.2583816602781392,0.2864955879302331,0.30180937498102167,0.37445716658647465
cosine_distance_v1,retained_prose,4,middle50,stratum-02,same_account_same_community,score,40,32,8,0.24963859512528563,0.1920672790362008,0.19988694999360684,0.26763071089679713,0.2820458406882944,0.3024832346541819
cosine_distance_v1,retained_prose,4,middle50,stratum-02,same_account_same_community,raw_distance,40,0,40,0.28301083148222367,0.1920672790362008,0.24796367044479864,0.27491001757296574,0.3047375783859586,0.4154400701982395
cosine_distance_v1,retained_prose,4,middle50,stratum-02,different_account_same_community,score,40,31,9,0.2989574662183944,0.22223303271415928,0.27347418668483525,0.2866025734426694,0.3309493804934166,0.404123826163842
cosine_distance_v1,retained_prose,4,middle50,stratum-02,different_account_same_community,raw_distance,40,0,40,0.3198813654053884,0.22223303271415928,0.27757295316591757,0.31592269576975185,0.35874041158425685,0.44237626245188577
cosine_distance_v1,retained_prose,4,middle50,stratum-02,same_account_different_community,score,40,34,6,0.2796770966857322,0.2222503671096212,0.2776374605647365,0.2851774237193118,0.3001364383112806,0.3052104495443333
cosine_distance_v1,retained_prose,4,middle50,stratum-02,same_account_different_community,raw_distance,40,0,40,0.2971766542064908,0.20067063516974126,0.2672774212356164,0.2936478597605673,0.31504166660229416,0.4128586098264002
cosine_distance_v1,retained_prose,4,middle50,stratum-02,different_account_different_community,score,40,31,9,0.3082402671943829,0.2265404580965762,0.2596521688361898,0.29403891775820756,0.36669462515111084,0.38358134500933383
cosine_distance_v1,retained_prose,4,middle50,stratum-02,different_account_different_community,raw_distance,40,0,40,0.3211224265135791,0.2265404580965762,0.2758083048577301,0.32034844762248166,0.36409975307542797,0.43120969452330826
cosine_distance_v1,retained_prose,4,middle50,stratum-03,same_account_same_community,score,40,25,15,0.30725153704113217,0.2345061736600078,0.26641662528153404,0.29067627589533096,0.3123668842830169,0.47185326586096243
cosine_distance_v1,retained_prose,4,middle50,stratum-03,same_account_same_community,raw_distance,40,0,40,0.30838572110713597,0.2185193454956833,0.263200435541235,0.28939925309407644,0.34429851253008503,0.47185326586096243
cosine_distance_v1,retained_prose,4,middle50,stratum-03,different_account_same_community,score,40,23,17,0.3214088295835684,0.24629517100627318,0.29001484872127603,0.3209956743818365,0.32915970464465727,0.41748336834315103
cosine_distance_v1,retained_prose,4,middle50,stratum-03,different_account_same_community,raw_distance,40,0,40,0.34712798661699856,0.24629517100627318,0.3011029997999086,0.33077065823918783,0.3811158593567211,0.5312255015662284
cosine_distance_v1,retained_prose,4,middle50,stratum-03,same_account_different_community,score,40,24,16,0.30441017739492193,0.2488825435287102,0.27258030622999674,0.2903321901214784,0.32519187925029236,0.45594906373612254
cosine_distance_v1,retained_prose,4,middle50,stratum-03,same_account_different_community,raw_distance,40,0,40,0.3181784054766724,0.22231375168831968,0.27171274623680985,0.30529048332661474,0.33694284139867237,0.5425183912258981
cosine_distance_v1,retained_prose,4,middle50,stratum-03,different_account_different_community,score,40,22,18,0.3330207668566655,0.26944395242436225,0.2937004618374296,0.32902247844795357,0.3366812653110296,0.4531112860546104
cosine_distance_v1,retained_prose,4,middle50,stratum-03,different_account_different_community,raw_distance,40,0,40,0.3566080846152439,0.258956647268037,0.31133319974217266,0.33651865238007894,0.40339092661531006,0.5580564211487756
cosine_distance_v1,function_mask_v1,4,full,stratum-01,same_account_same_community,score,40,0,40,0.0012090962033643516,0.0004217693472327033,0.0008592771623791851,0.001133551378962927,0.0014504608326086632,0.0029828194960430654
cosine_distance_v1,function_mask_v1,4,full,stratum-01,same_account_same_community,raw_distance,40,0,40,0.0012090962033643516,0.0004217693472327033,0.0008592771623791851,0.001133551378962927,0.0014504608326086632,0.0029828194960430654
cosine_distance_v1,function_mask_v1,4,full,stratum-01,different_account_same_community,score,40,0,40,0.00179187721644474,0.0007080576706185449,0.0011247871890282257,0.001611652494868776,0.0020387693474737123,0.004271473799395409
cosine_distance_v1,function_mask_v1,4,full,stratum-01,different_account_same_community,raw_distance,40,0,40,0.00179187721644474,0.0007080576706185449,0.0011247871890282257,0.001611652494868776,0.0020387693474737123,0.004271473799395409
cosine_distance_v1,function_mask_v1,4,full,stratum-01,same_account_different_community,score,40,0,40,0.0012537227363726283,0.00036626442098641743,0.0008101587330776039,0.0010744456246948864,0.0015188721682730943,0.002748902066842418
cosine_distance_v1,function_mask_v1,4,full,stratum-01,same_account_different_community,raw_distance,40,0,40,0.0012537227363726283,0.00036626442098641743,0.0008101587330776039,0.0010744456246948864,0.0015188721682730943,0.002748902066842418
cosine_distance_v1,function_mask_v1,4,full,stratum-01,different_account_different_community,score,40,0,40,0.0019230911567500258,0.0006378343983809431,0.0012520302853098464,0.001513940625830934,0.002433880041149139,0.005463971066350215
cosine_distance_v1,function_mask_v1,4,full,stratum-01,different_account_different_community,raw_distance,40,0,40,0.0019230911567500258,0.0006378343983809431,0.0012520302853098464,0.001513940625830934,0.002433880041149139,0.005463971066350215
cosine_distance_v1,function_mask_v1,4,full,stratum-02,same_account_same_community,score,40,0,40,0.001499642492070713,0.0005525427423979101,0.0008415543623686572,0.0011606514332831441,0.0016123684674785033,0.012819961275889469
cosine_distance_v1,function_mask_v1,4,full,stratum-02,same_account_same_community,raw_distance,40,0,40,0.001499642492070713,0.0005525427423979101,0.0008415543623686572,0.0011606514332831441,0.0016123684674785033,0.012819961275889469
cosine_distance_v1,function_mask_v1,4,full,stratum-02,different_account_same_community,score,40,0,40,0.0023999756884540285,0.0006617997044670032,0.0014610234275121703,0.001991282091074076,0.002865503532932273,0.009303254090348156
cosine_distance_v1,function_mask_v1,4,full,stratum-02,different_account_same_community,raw_distance,40,0,40,0.0023999756884540285,0.0006617997044670032,0.0014610234275121703,0.001991282091074076,0.002865503532932273,0.009303254090348156
cosine_distance_v1,function_mask_v1,4,full,stratum-02,same_account_different_community,score,40,0,40,0.0017099475882453447,0.0006531087987549089,0.0009111249276506084,0.001290305671505454,0.0018502367737681935,0.010881144792227126
cosine_distance_v1,function_mask_v1,4,full,stratum-02,same_account_different_community,raw_distance,40,0,40,0.0017099475882453447,0.0006531087987549089,0.0009111249276506084,0.001290305671505454,0.0018502367737681935,0.010881144792227126
cosine_distance_v1,function_mask_v1,4,full,stratum-02,different_account_different_community,score,40,0,40,0.0025874630038882768,0.0007095679710399372,0.001698056021769312,0.002055934375707724,0.0030867303710315486,0.010315716276891207
cosine_distance_v1,function_mask_v1,4,full,stratum-02,different_account_different_community,raw_distance,40,0,40,0.0025874630038882768,0.0007095679710399372,0.001698056021769312,0.002055934375707724,0.0030867303710315486,0.010315716276891207
cosine_distance_v1,function_mask_v1,4,full,stratum-03,same_account_same_community,score,40,0,40,0.0020249497263563317,0.00037358706910806116,0.0010239963747731007,0.0017238290451563887,0.0026715157602023865,0.009638033500494081
cosine_distance_v1,function_mask_v1,4,full,stratum-03,same_account_same_community,raw_distance,40,0,40,0.0020249497263563317,0.00037358706910806116,0.0010239963747731007,0.0017238290451563887,0.0026715157602023865,0.009638033500494081
cosine_distance_v1,function_mask_v1,4,full,stratum-03,different_account_same_community,score,40,0,40,0.0036785098519529326,0.0011219954265799803,0.0022093515402529518,0.0029534653061634164,0.005306744600604929,0.009101024817921743
cosine_distance_v1,function_mask_v1,4,full,stratum-03,different_account_same_community,raw_distance,40,0,40,0.0036785098519529326,0.0011219954265799803,0.0022093515402529518,0.0029534653061634164,0.005306744600604929,0.009101024817921743
cosine_distance_v1,function_mask_v1,4,full,stratum-03,same_account_different_community,score,40,0,40,0.0026088557081458074,0.0004976384952859458,0.001479735620454642,0.0022156056055579465,0.003011663459512176,0.0090300141922246
cosine_distance_v1,function_mask_v1,4,full,stratum-03,same_account_different_community,raw_distance,40,0,40,0.0026088557081458074,0.0004976384952859458,0.001479735620454642,0.0022156056055579465,0.003011663459512176,0.0090300141922246
cosine_distance_v1,function_mask_v1,4,full,stratum-03,different_account_different_community,score,40,0,40,0.003933577888121212,0.000830874210969057,0.0026383126099283893,0.00389372230353896,0.004593517240208539,0.008099550303561243
cosine_distance_v1,function_mask_v1,4,full,stratum-03,different_account_different_community,raw_distance,40,0,40,0.003933577888121212,0.000830874210969057,0.0026383126099283893,0.00389372230353896,0.004593517240208539,0.008099550303561243
cosine_distance_v1,function_mask_v1,4,hash75,stratum-01,same_account_same_community,score,40,5,35,0.0015475756403633284,0.000632753018966703,0.001155445581154546,0.001370963265993952,0.0017739560687756728,0.003124371122772862
cosine_distance_v1,function_mask_v1,4,hash75,stratum-01,same_account_same_community,raw_distance,40,0,40,0.001524332186905447,0.000632753018966703,0.0011149711741008372,0.0013666407534423386,0.0017673776400405072,0.003124371122772862
cosine_distance_v1,function_mask_v1,4,hash75,stratum-01,different_account_same_community,score,40,4,36,0.002285802938838859,0.000856493983545259,0.0014171430406661467,0.0018700016933438368,0.0026593114004873353,0.005085077286431372
cosine_distance_v1,function_mask_v1,4,hash75,stratum-01,different_account_same_community,raw_distance,40,0,40,0.002246615052591899,0.000856493983545259,0.0014171430406661467,0.0018539272292670272,0.0026593114004873353,0.005085077286431372
cosine_distance_v1,function_mask_v1,4,hash75,stratum-01,same_account_different_community,score,40,4,36,0.001536179161835451,0.0004076646518834659,0.0010237157130335017,0.0012686841225000856,0.0016920770369422966,0.004603301609169441
cosine_distance_v1,function_mask_v1,4,hash75,stratum-01,same_account_different_community,raw_distance,40,0,40,0.0015842856424429564,0.0004076646518834659,0.0010435005136898434,0.0012686841225000856,0.0017409724117490866,0.004603301609169441
cosine_distance_v1,function_mask_v1,4,hash75,stratum-01,different_account_different_community,score,40,5,35,0.0024527724599992798,0.0009478369603860282,0.0014801928174749124,0.0020965311056267977,0.002789160272203439,0.00748707463294529
cosine_distance_v1,function_mask_v1,4,hash75,stratum-01,different_account_different_community,raw_distance,40,0,40,0.0023374188659582183,0.0009478369603860282,0.001406351025367264,0.0019518171649895444,0.002495716383028812,0.00748707463294529
cosine_distance_v1,function_mask_v1,4,hash75,stratum-02,same_account_same_community,score,40,7,33,0.0020329924725667123,0.000646742047159421,0.0010608033143132412,0.0014151000709514694,0.0019231596558474395,0.014916182473390882
cosine_distance_v1,function_mask_v1,4,hash75,stratum-02,same_account_same_community,raw_distance,40,0,40,0.001970182867424594,0.000646742047159421,0.0010440841597725292,0.0013730269203512946,0.0019248128259208297,0.014916182473390882
cosine_distance_v1,function_mask_v1,4,hash75,stratum-02,different_account_same_community,score,40,7,33,0.002674771236086992,0.0008491390865015269,0.0015090642368265073,0.001973181180564998,0.0032521040600183015,0.011727916176542785
cosine_distance_v1,function_mask_v1,4,hash75,stratum-02,different_account_same_community,raw_distance,40,0,40,0.0028105727972325663,0.0008491390865015269,0.0017939123089593945,0.002255180086149833,0.0036378693813221563,0.011727916176542785
cosine_distance_v1,function_mask_v1,4,hash75,stratum-02,same_account_different_community,score,40,7,33,0.0022406019730562437,0.0007214393103627259,0.0012179427446897817,0.00170861142004608,0.002383710594889621,0.012605200900763558
cosine_distance_v1,function_mask_v1,4,hash75,stratum-02,same_account_different_community,raw_distance,40,0,40,0.0022307544553061527,0.0007214393103627259,0.0012742913319201965,0.0018190390505368192,0.0024420611855096863,0.012605200900763558
cosine_distance_v1,function_mask_v1,4,hash75,stratum-02,different_account_different_community,score,40,7,33,0.003005264629493505,0.0007850871304685425,0.002031979636089809,0.0023376302540889515,0.003663967811086466,0.012741982539137942
cosine_distance_v1,function_mask_v1,4,hash75,stratum-02,different_account_different_community,raw_distance,40,0,40,0.0029517798070188366,0.0007850871304685425,0.0017560175577421289,0.0023371212685916465,0.0036115553370157927,0.012741982539137942
cosine_distance_v1,function_mask_v1,4,hash75,stratum-03,same_account_same_community,score,40,2,38,0.0023039085567378233,0.0007094567565447685,0.0012334775778608809,0.002208410522182125,0.002915916573767413,0.008209491235505517
cosine_distance_v1,function_mask_v1,4,hash75,stratum-03,same_account_same_community,raw_distance,40,0,40,0.0023177654528511726,0.0007094567565447685,0.0013073953092383184,0.002208410522182125,0.002977829187497033,0.008209491235505517
cosine_distance_v1,function_mask_v1,4,hash75,stratum-03,different_account_same_community,score,40,2,38,0.00396160828217556,0.0011964527788316248,0.0024768700317654435,0.003329928936103954,0.004934745930439827,0.010571800409394094
cosine_distance_v1,function_mask_v1,4,hash75,stratum-03,different_account_same_community,raw_distance,40,0,40,0.004070717730349347,0.0011964527788316248,0.002515533642595713,0.0033822155011921096,0.00552373672573514,0.010571800409394094
cosine_distance_v1,function_mask_v1,4,hash75,stratum-03,same_account_different_community,score,40,2,38,0.0030553454714745075,0.0005015499476532792,0.0018222121304138361,0.002581658552684607,0.003529738155625628,0.010032838582234582
cosine_distance_v1,function_mask_v1,4,hash75,stratum-03,same_account_different_community,raw_distance,40,0,40,0.003040749861539008,0.0005015499476532792,0.0018131343664176403,0.002581658552684607,0.0035557744905978517,0.010032838582234582
cosine_distance_v1,function_mask_v1,4,hash75,stratum-03,different_account_different_community,score,40,2,38,0.004039949187971567,0.0008019150505594874,0.002702706784670411,0.003556214882038111,0.004956057520901613,0.011166339934973846
cosine_distance_v1,function_mask_v1,4,hash75,stratum-03,different_account_different_community,raw_distance,40,0,40,0.004266759694128053,0.0008019150505594874,0.0027377714931409447,0.0036528247917812506,0.005169057093488111,0.011166339934973846
cosine_distance_v1,function_mask_v1,4,hash50,stratum-01,same_account_same_community,score,40,28,12,0.0018168497407567707,0.0010394267453472938,0.0011889917436475606,0.0015881740230038188,0.002136925402265427,0.003589915379587527
cosine_distance_v1,function_mask_v1,4,hash50,stratum-01,same_account_same_community,raw_distance,40,0,40,0.0022039072627520057,0.0010394267453472938,0.001440727627849303,0.0017233024074613246,0.002692198626075809,0.0065526791806117535
cosine_distance_v1,function_mask_v1,4,hash50,stratum-01,different_account_same_community,score,40,26,14,0.002491048716976474,0.001264889030697769,0.0016277387544602895,0.0021451289853428035,0.0026924616861428996,0.00529712046205133
cosine_distance_v1,function_mask_v1,4,hash50,stratum-01,different_account_same_community,raw_distance,40,0,40,0.002957221834919546,0.0009854610327254543,0.0018998831185851606,0.0023023738276072847,0.0036095482026281545,0.008063489032520854
cosine_distance_v1,function_mask_v1,4,hash50,stratum-01,same_account_different_community,score,40,29,11,0.0016931749030797618,0.0008978875391899566,0.0011726708467701963,0.0014933472697054029,0.0019221804668051456,0.0030847744314141945
cosine_distance_v1,function_mask_v1,4,hash50,stratum-01,same_account_different_community,raw_distance,40,0,40,0.00217942675484305,0.0008892185815340126,0.0013536065991243407,0.0017983083857425197,0.002659703460969831,0.006977249580974565
cosine_distance_v1,function_mask_v1,4,hash50,stratum-01,different_account_different_community,score,40,28,12,0.0021172356136518653,0.0015138043170075388,0.0017308517228725173,0.001857641479695804,0.0022336950393519184,0.004243575409119349
cosine_distance_v1,function_mask_v1,4,hash50,stratum-01,different_account_different_community,raw_distance,40,0,40,0.003038580329042406,0.0014040762290238318,0.0018455475607702665,0.002345391860961721,0.003631190707426596,0.010073615758431576
cosine_distance_v1,function_mask_v1,4,hash50,stratum-02,same_account_same_community,score,40,30,10,0.002038690336478044,0.0010336628335495535,0.0015568531100067506,0.0019112340967284425,0.002072382348274948,0.0034403605414329297
cosine_distance_v1,function_mask_v1,4,hash50,stratum-02,same_account_same_community,raw_distance,40,0,40,0.0027372654190679024,0.0009623241825682527,0.0015999583371845982,0.0019962162697599317,0.0033983536201649955,0.016533205433520215
cosine_distance_v1,function_mask_v1,4,hash50,stratum-02,different_account_same_community,score,40,28,12,0.0025708143734107236,0.001144232359200248,0.001784806341049494,0.0021612858546296576,0.002725088918202362,0.005247957989153229
cosine_distance_v1,function_mask_v1,4,hash50,stratum-02,different_account_same_community,raw_distance,40,0,40,0.0037439873557658654,0.001144232359200248,0.002142880084388732,0.003365835460250044,0.005168189419076014,0.01299893855852996
cosine_distance_v1,function_mask_v1,4,hash50,stratum-02,same_account_different_community,score,40,27,13,0.0024894401718812066,0.001176958415454732,0.0013250618557485438,0.0017371594717175975,0.0034697578037627963,0.006535260714980673
cosine_distance_v1,function_mask_v1,4,hash50,stratum-02,same_account_different_community,raw_distance,40,0,40,0.003142115707285878,0.001176958415454732,0.0015508507196964616,0.002372236822388518,0.00409224008096401,0.01370003683180454
cosine_distance_v1,function_mask_v1,4,hash50,stratum-02,different_account_different_community,score,40,28,12,0.002787846263507652,0.0011461574429812993,0.0019962118210167523,0.0027230228415925373,0.00377626625824079,0.004357546232298226
cosine_distance_v1,function_mask_v1,4,hash50,stratum-02,different_account_different_community,raw_distance,40,0,40,0.003707903113661995,0.0008599342538119226,0.002127410834777854,0.003006378820589406,0.004355922225597608,0.013734318728258588
cosine_distance_v1,function_mask_v1,4,hash50,stratum-03,same_account_same_community,score,40,26,14,0.003014631196920573,0.0008879448336421847,0.0015694979783025531,0.0033290232737777647,0.004097671539706138,0.005241262572886152
cosine_distance_v1,function_mask_v1,4,hash50,stratum-03,same_account_same_community,raw_distance,40,0,40,0.0037748771824295036,0.0008879448336421847,0.0022266109074630114,0.0033290232737777647,0.004348209510900092,0.01507558145309107
cosine_distance_v1,function_mask_v1,4,hash50,stratum-03,different_account_same_community,score,40,28,12,0.004120183572049713,0.0013828753528303261,0.002430792248800856,0.003030189421256213,0.005709648623451857,0.008901603036239103
cosine_distance_v1,function_mask_v1,4,hash50,stratum-03,different_account_same_community,raw_distance,40,0,40,0.005590901594375278,0.0013828753528303261,0.003237076319117488,0.004236978125900515,0.006900109109148483,0.016302677991538617
cosine_distance_v1,function_mask_v1,4,hash50,stratum-03,same_account_different_community,score,40,27,13,0.0037318699417693622,0.0016261800267617366,0.002886098582086216,0.0033031839691697318,0.004604234791481199,0.008009312821320447
cosine_distance_v1,function_mask_v1,4,hash50,stratum-03,same_account_different_community,raw_distance,40,0,40,0.004228482277790185,0.0008747969164766278,0.00269797576767436,0.003364730432105112,0.0049110053338375925,0.015298461623141302
cosine_distance_v1,function_mask_v1,4,hash50,stratum-03,different_account_different_community,score,40,26,14,0.004696809886289082,0.0010240171309987556,0.003906313071848855,0.004861033378117496,0.005263146187696133,0.007577428123870189
cosine_distance_v1,function_mask_v1,4,hash50,stratum-03,different_account_different_community,raw_distance,40,0,40,0.005721324148579563,0.0010240171309987556,0.004183487509497152,0.004738952178802602,0.006159038592266214,0.015834873562031504
cosine_distance_v1,function_mask_v1,4,middle50,stratum-01,same_account_same_community,score,40,28,12,0.0021120132000931415,0.0010154458192047633,0.0012866083475719658,0.0018100583194090025,0.0027983390337835423,0.0045965635953800765
cosine_distance_v1,function_mask_v1,4,middle50,stratum-01,same_account_same_community,raw_distance,40,0,40,0.002058800634135924,0.0008809603599124749,0.001319063197856074,0.0019643541704677525,0.0027288582697938546,0.0045965635953800765
cosine_distance_v1,function_mask_v1,4,middle50,stratum-01,different_account_same_community,score,40,30,10,0.0022505697638991683,0.0013434749697933679,0.0014886905447137333,0.001854533727135843,0.002409294626346009,0.00575668345304059
cosine_distance_v1,function_mask_v1,4,middle50,stratum-01,different_account_same_community,raw_distance,40,0,40,0.0025085420041809055,0.0010591772483885542,0.0017520601577881156,0.0021093839535180625,0.003044102218321215,0.00575668345304059
cosine_distance_v1,function_mask_v1,4,middle50,stratum-01,same_account_different_community,score,40,31,9,0.0019071354497151522,0.0009013679994931412,0.0012521217335572654,0.002067919223661119,0.0023153889650550097,0.0026292003992729462
cosine_distance_v1,function_mask_v1,4,middle50,stratum-01,same_account_different_community,raw_distance,40,0,40,0.002004659210549009,0.0008729712357357089,0.0014013569202623866,0.0018616658833005562,0.002458686371798968,0.004203179941624113
cosine_distance_v1,function_mask_v1,4,middle50,stratum-01,different_account_different_community,score,40,29,11,0.0018500673404893244,0.001359231963306562,0.0015329912160884085,0.0017994432474602862,0.0021581669588844332,0.0027085325320657105
cosine_distance_v1,function_mask_v1,4,middle50,stratum-01,different_account_different_community,raw_distance,40,0,40,0.0026983717162627568,0.001359231963306562,0.0018211620560553698,0.0022073029347203232,0.0033675045187032404,0.007056620576471051
cosine_distance_v1,function_mask_v1,4,middle50,stratum-02,same_account_same_community,score,40,32,8,0.001802483895405424,0.0008315661220812398,0.0013247209686703953,0.0016176833511852284,0.002466051919808143,0.0027931773039889807
cosine_distance_v1,function_mask_v1,4,middle50,stratum-02,same_account_same_community,raw_distance,40,0,40,0.0021225291925963423,0.0008315661220812398,0.0013448338533061377,0.001766033967752767,0.002448555270609609,0.007067888217988094
cosine_distance_v1,function_mask_v1,4,middle50,stratum-02,different_account_same_community,score,40,31,9,0.0028989650877363493,0.0016575348478909957,0.0019205067135674714,0.0025687588904053094,0.003370584831171697,0.005623671877820535
cosine_distance_v1,function_mask_v1,4,middle50,stratum-02,different_account_same_community,raw_distance,40,0,40,0.0034127257399662243,0.0013717391141587765,0.0021693007977374723,0.0028321195228388496,0.004214943563947415,0.009647102247527295
cosine_distance_v1,function_mask_v1,4,middle50,stratum-02,same_account_different_community,score,40,34,6,0.0025746067758404823,0.0016274611165638664,0.0017630286987790622,0.002149280151513222,0.002292253387341625,0.005547429888300481
cosine_distance_v1,function_mask_v1,4,middle50,stratum-02,same_account_different_community,raw_distance,40,0,40,0.002412447913893709,0.0008164649239477129,0.0016015243271732815,0.0018751407076927351,0.0027864043754263768,0.006556947649444034
cosine_distance_v1,function_mask_v1,4,middle50,stratum-02,different_account_different_community,score,40,31,9,0.0029845464223746676,0.0016090796809576924,0.0027557385128148537,0.0030331535023438994,0.0035534704837048015,0.004360348248390822
cosine_distance_v1,function_mask_v1,4,middle50,stratum-02,different_account_different_community,raw_distance,40,0,40,0.0033367296709960526,0.0011495815332401849,0.0017665472840707186,0.003016061765020339,0.004142237908218549,0.009037750087826701
cosine_distance_v1,function_mask_v1,4,middle50,stratum-03,same_account_same_community,score,40,25,15,0.004347084849763006,0.0011325577623187977,0.002191887380725399,0.0031913030938219844,0.004504283972479706,0.01364376357237751
cosine_distance_v1,function_mask_v1,4,middle50,stratum-03,same_account_same_community,raw_distance,40,0,40,0.0039825512099704915,0.0010494129800440177,0.0019326487483799226,0.003271756417772387,0.004356789520962467,0.01364376357237751
cosine_distance_v1,function_mask_v1,4,middle50,stratum-03,different_account_same_community,score,40,23,17,0.005882141107084424,0.0022709020066427055,0.003335347200215999,0.00401073876124769,0.0075138352468916425,0.014248275878540162
cosine_distance_v1,function_mask_v1,4,middle50,stratum-03,different_account_same_community,raw_distance,40,0,40,0.0061532466571698665,0.002015449914843037,0.003271613192499273,0.004217599039887554,0.008159070970390037,0.016351005954895914
cosine_distance_v1,function_mask_v1,4,middle50,stratum-03,same_account_different_community,score,40,24,16,0.004423424633740909,0.001439452279833331,0.0027460706899460896,0.0041897718332555844,0.005484703763925708,0.009106604560049636
cosine_distance_v1,function_mask_v1,4,middle50,stratum-03,same_account_different_community,raw_distance,40,0,40,0.00465111703841749,0.0007432046082914701,0.002482336800613827,0.004151071496046821,0.005785142969284951,0.0137219280392743
cosine_distance_v1,function_mask_v1,4,middle50,stratum-03,different_account_different_community,score,40,22,18,0.00621928282432634,0.002264764505684691,0.00417636583486522,0.004729817243151524,0.007396810887909583,0.01584270032057289
cosine_distance_v1,function_mask_v1,4,middle50,stratum-03,different_account_different_community,raw_distance,40,0,40,0.00641942426238197,0.0014559567295078235,0.00358591380737569,0.005325492870315807,0.0078025735134024665,0.019025614312133454
function_word_js_v1,lexical_tokens,,full,stratum-01,same_account_same_community,score,40,0,40,0.1720786972236706,0.15084732600779482,0.16453822878347363,0.1726420125995274,0.17698534239308755,0.21088909685205134
function_word_js_v1,lexical_tokens,,full,stratum-01,same_account_same_community,raw_distance,40,0,40,0.1720786972236706,0.15084732600779482,0.16453822878347363,0.1726420125995274,0.17698534239308755,0.21088909685205134
function_word_js_v1,lexical_tokens,,full,stratum-01,different_account_same_community,score,40,0,40,0.18973157264587276,0.16323216426234616,0.17553712936637617,0.18733893728300688,0.2011882826426456,0.2313916146986458
function_word_js_v1,lexical_tokens,,full,stratum-01,different_account_same_community,raw_distance,40,0,40,0.18973157264587276,0.16323216426234616,0.17553712936637617,0.18733893728300688,0.2011882826426456,0.2313916146986458
function_word_js_v1,lexical_tokens,,full,stratum-01,same_account_different_community,score,40,0,40,0.17173222418138717,0.13479996091108537,0.1650128532546854,0.17293717949250453,0.1788032781267858,0.19739239688580104
function_word_js_v1,lexical_tokens,,full,stratum-01,same_account_different_community,raw_distance,40,0,40,0.17173222418138717,0.13479996091108537,0.1650128532546854,0.17293717949250453,0.1788032781267858,0.19739239688580104
function_word_js_v1,lexical_tokens,,full,stratum-01,different_account_different_community,score,40,0,40,0.18717427872135128,0.1576594901487107,0.17540248710987405,0.1841127331922936,0.20024578223754025,0.22793900139182674
function_word_js_v1,lexical_tokens,,full,stratum-01,different_account_different_community,raw_distance,40,0,40,0.18717427872135128,0.1576594901487107,0.17540248710987405,0.1841127331922936,0.20024578223754025,0.22793900139182674
function_word_js_v1,lexical_tokens,,full,stratum-02,same_account_same_community,score,40,0,40,0.1732349256065459,0.14667803639241955,0.16106099552330447,0.17053912312468927,0.18063125089471432,0.2523181174185342
function_word_js_v1,lexical_tokens,,full,stratum-02,same_account_same_community,raw_distance,40,0,40,0.1732349256065459,0.14667803639241955,0.16106099552330447,0.17053912312468927,0.18063125089471432,0.2523181174185342
function_word_js_v1,lexical_tokens,,full,stratum-02,different_account_same_community,score,40,0,40,0.19812990371241954,0.16335519983529576,0.18534238255155192,0.19263612108148748,0.20929270448957882,0.2576184514677981
function_word_js_v1,lexical_tokens,,full,stratum-02,different_account_same_community,raw_distance,40,0,40,0.19812990371241954,0.16335519983529576,0.18534238255155192,0.19263612108148748,0.20929270448957882,0.2576184514677981
function_word_js_v1,lexical_tokens,,full,stratum-02,same_account_different_community,score,40,0,40,0.18349423751385827,0.14743924176778694,0.1724075780494607,0.18167677907428348,0.18823739908645518,0.24143185134493483
function_word_js_v1,lexical_tokens,,full,stratum-02,same_account_different_community,raw_distance,40,0,40,0.18349423751385827,0.14743924176778694,0.1724075780494607,0.18167677907428348,0.18823739908645518,0.24143185134493483
function_word_js_v1,lexical_tokens,,full,stratum-02,different_account_different_community,score,40,0,40,0.20112448092851762,0.15822761826806445,0.18621719130326697,0.19845058156939854,0.21519081238312116,0.26851608394163295
function_word_js_v1,lexical_tokens,,full,stratum-02,different_account_different_community,raw_distance,40,0,40,0.20112448092851762,0.15822761826806445,0.18621719130326697,0.19845058156939854,0.21519081238312116,0.26851608394163295
function_word_js_v1,lexical_tokens,,full,stratum-03,same_account_same_community,score,40,0,40,0.17427865734954387,0.1388038783191938,0.16114257949213961,0.17431242109096723,0.18466625056830904,0.20895533313802062
function_word_js_v1,lexical_tokens,,full,stratum-03,same_account_same_community,raw_distance,40,0,40,0.17427865734954387,0.1388038783191938,0.16114257949213961,0.17431242109096723,0.18466625056830904,0.20895533313802062
function_word_js_v1,lexical_tokens,,full,stratum-03,different_account_same_community,score,40,0,40,0.20335916799979126,0.16615331462139651,0.1869389149316966,0.19691599747143035,0.21340716547292904,0.2818652641335524
function_word_js_v1,lexical_tokens,,full,stratum-03,different_account_same_community,raw_distance,40,0,40,0.20335916799979126,0.16615331462139651,0.1869389149316966,0.19691599747143035,0.21340716547292904,0.2818652641335524
function_word_js_v1,lexical_tokens,,full,stratum-03,same_account_different_community,score,40,0,40,0.18507305099173796,0.14750235716405927,0.17063125805084706,0.18143188058016244,0.20088504827577908,0.2359019583618617
function_word_js_v1,lexical_tokens,,full,stratum-03,same_account_different_community,raw_distance,40,0,40,0.18507305099173796,0.14750235716405927,0.17063125805084706,0.18143188058016244,0.20088504827577908,0.2359019583618617
function_word_js_v1,lexical_tokens,,full,stratum-03,different_account_different_community,score,40,0,40,0.21092812814791168,0.17319416145535413,0.1942777275855904,0.20531438419394044,0.22456186376799864,0.2912484077909125
function_word_js_v1,lexical_tokens,,full,stratum-03,different_account_different_community,raw_distance,40,0,40,0.21092812814791168,0.17319416145535413,0.1942777275855904,0.20531438419394044,0.22456186376799864,0.2912484077909125
function_word_js_v1,lexical_tokens,,hash75,stratum-01,same_account_same_community,score,40,5,35,0.19428776019239952,0.15708196999713406,0.18423243177311543,0.19279211033773755,0.208131379381778,0.22580881679109543
function_word_js_v1,lexical_tokens,,hash75,stratum-01,same_account_same_community,raw_distance,40,0,40,0.1966761000034318,0.15708196999713406,0.18501584352633454,0.19562613685352592,0.21006592092301662,0.24078950438142221
function_word_js_v1,lexical_tokens,,hash75,stratum-01,different_account_same_community,score,40,4,36,0.21069654490482256,0.17615715902501408,0.19096743700615346,0.20840354177953638,0.22372008703699853,0.2569301442707879
function_word_js_v1,lexical_tokens,,hash75,stratum-01,different_account_same_community,raw_distance,40,0,40,0.21113616743325658,0.17364248438952293,0.19096743700615346,0.20840354177953638,0.22681717576619942,0.2569301442707879
function_word_js_v1,lexical_tokens,,hash75,stratum-01,same_account_different_community,score,40,4,36,0.19349052359800806,0.17130249210981632,0.18450712737353692,0.19221706274367695,0.2012034781106195,0.23454874817802793
function_word_js_v1,lexical_tokens,,hash75,stratum-01,same_account_different_community,raw_distance,40,0,40,0.196029526749991,0.17130249210981632,0.18496262588140006,0.1932617732990785,0.20758644340710572,0.23454874817802793
function_word_js_v1,lexical_tokens,,hash75,stratum-01,different_account_different_community,score,40,5,35,0.20740159693401536,0.16734026221860776,0.1923428479404815,0.20480731975216743,0.21622323468390103,0.2502915315744482
function_word_js_v1,lexical_tokens,,hash75,stratum-01,different_account_different_community,raw_distance,40,0,40,0.20902197306642473,0.16734026221860776,0.1943504132823832,0.20902031402749324,0.21788566295921358,0.2502915315744482
function_word_js_v1,lexical_tokens,,hash75,stratum-02,same_account_same_community,score,40,7,33,0.19414765735204323,0.16594450019587886,0.18457696507378013,0.189995603971437,0.1989857095095461,0.27458730840372764
function_word_js_v1,lexical_tokens,,hash75,stratum-02,same_account_same_community,raw_distance,40,0,40,0.19769805096172074,0.16594450019587886,0.18491103100751272,0.19273733573844193,0.206895586549258,0.27458730840372764
function_word_js_v1,lexical_tokens,,hash75,stratum-02,different_account_same_community,score,40,7,33,0.21740307818959542,0.17971691739041723,0.1998797466123846,0.2110771890519187,0.22906937257424584,0.27402054599662296
function_word_js_v1,lexical_tokens,,hash75,stratum-02,different_account_same_community,raw_distance,40,0,40,0.22169490334822015,0.17971691739041723,0.20075466659720428,0.21308601440971314,0.23815969238762935,0.2795412857884542
function_word_js_v1,lexical_tokens,,hash75,stratum-02,same_account_different_community,score,40,7,33,0.20460749467711734,0.16297305567630083,0.1899482906802934,0.19861551196439478,0.2166034395078012,0.2745561286260091
function_word_js_v1,lexical_tokens,,hash75,stratum-02,same_account_different_community,raw_distance,40,0,40,0.20837677254789821,0.16297305567630083,0.1906599088080125,0.20141822495873024,0.22108342958713684,0.2745561286260091
function_word_js_v1,lexical_tokens,,hash75,stratum-02,different_account_different_community,score,40,7,33,0.22115581565364584,0.18528126474278173,0.20942482129933435,0.22013473802493583,0.22902698463821683,0.2975483984705183
function_word_js_v1,lexical_tokens,,hash75,stratum-02,different_account_different_community,raw_distance,40,0,40,0.22192264209842993,0.18528126474278173,0.2075207628672245,0.21988468415690712,0.22987302088825232,0.2975483984705183
function_word_js_v1,lexical_tokens,,hash75,stratum-03,same_account_same_community,score,40,2,38,0.19588110351214227,0.1619263748934449,0.17999981121337616,0.1952095309673768,0.20618101377796283,0.23378813144016725
function_word_js_v1,lexical_tokens,,hash75,stratum-03,same_account_same_community,raw_distance,40,0,40,0.19797888226221408,0.1619263748934449,0.18085641343394915,0.19650543009701849,0.21149114026948457,0.24644367793447564
function_word_js_v1,lexical_tokens,,hash75,stratum-03,different_account_same_community,score,40,2,38,0.2184196160701988,0.16878890062820406,0.20060832565310868,0.21340837862508188,0.23410192497680432,0.2820948969819948
function_word_js_v1,lexical_tokens,,hash75,stratum-03,different_account_same_community,raw_distance,40,0,40,0.22064470539571784,0.16878890062820406,0.20089427474092997,0.2147824297081581,0.23632884394301584,0.29594923072989954
function_word_js_v1,lexical_tokens,,hash75,stratum-03,same_account_different_community,score,40,2,38,0.20092657749210424,0.15320557953271555,0.18221707384976468,0.1989950021448788,0.21786230016061214,0.2591857075550208
function_word_js_v1,lexical_tokens,,hash75,stratum-03,same_account_different_community,raw_distance,40,0,40,0.20428507838349005,0.15320557953271555,0.182664529364466,0.199832466089515,0.2201849228445489,0.27685349624768896
function_word_js_v1,lexical_tokens,,hash75,stratum-03,different_account_different_community,score,40,2,38,0.2270640187903632,0.1810707446400772,0.21375082112862925,0.22397272237076044,0.24150170093279333,0.28967452169207597
function_word_js_v1,lexical_tokens,,hash75,stratum-03,different_account_different_community,raw_distance,40,0,40,0.22911164085417565,0.1810707446400772,0.21388456691918478,0.2258595239757978,0.24264100786722836,0.29166572008981506
function_word_js_v1,lexical_tokens,,hash50,stratum-01,same_account_same_community,score,40,28,12,0.21596726058422977,0.19134445594168442,0.20704335281840971,0.22015382243346154,0.2264476546503786,0.23452043622387023
function_word_js_v1,lexical_tokens,,hash50,stratum-01,same_account_same_community,raw_distance,40,0,40,0.22988189095545142,0.19134445594168442,0.2179464127352952,0.22550690628185904,0.23344661003072206,0.4079636154330584
function_word_js_v1,lexical_tokens,,hash50,stratum-01,different_account_same_community,score,40,26,14,0.23371593047539227,0.20567859142283165,0.21493646324779114,0.23336285166970988,0.24384776320074575,0.2713954122333519
function_word_js_v1,lexical_tokens,,hash50,stratum-01,different_account_same_community,raw_distance,40,0,40,0.24789237868557068,0.20431872648191868,0.22993096070328264,0.24231743974036074,0.2613175312316242,0.42760735880343803
function_word_js_v1,lexical_tokens,,hash50,stratum-01,same_account_different_community,score,40,29,11,0.21806990793645828,0.20079629364785453,0.21045786232852157,0.21413875285948228,0.21899907429959367,0.2610396361563022
function_word_js_v1,lexical_tokens,,hash50,stratum-01,same_account_different_community,raw_distance,40,0,40,0.2335806324094703,0.18484589649588365,0.2139947248656936,0.22806387619465135,0.24994043074278066,0.3878364375458166
function_word_js_v1,lexical_tokens,,hash50,stratum-01,different_account_different_community,score,40,28,12,0.2305236625389291,0.20788805336536356,0.2201808458581575,0.2266664902068903,0.23168336035779402,0.27282800459087947
function_word_js_v1,lexical_tokens,,hash50,stratum-01,different_account_different_community,raw_distance,40,0,40,0.24583675373932046,0.20788805336536356,0.22583569440431078,0.2379948750416866,0.25614386301786796,0.4314855067675623
function_word_js_v1,lexical_tokens,,hash50,stratum-02,same_account_same_community,score,40,30,10,0.21118456083248338,0.17320463930256863,0.2013424224287116,0.21095563501187875,0.2246198940426972,0.24502452359407823
function_word_js_v1,lexical_tokens,,hash50,stratum-02,same_account_same_community,raw_distance,40,0,40,0.23515079450452764,0.17320463930256863,0.2192524036586435,0.2330695961342974,0.24525446523197889,0.31379234297151615
function_word_js_v1,lexical_tokens,,hash50,stratum-02,different_account_same_community,score,40,28,12,0.22991772516501888,0.20252441681458214,0.22365999650614876,0.2285035489629209,0.23820886054194337,0.2543700048005975
function_word_js_v1,lexical_tokens,,hash50,stratum-02,different_account_same_community,raw_distance,40,0,40,0.25452188878862403,0.20252441681458214,0.22853222254884442,0.24194453981687758,0.28171951676228596,0.35524329544915284
function_word_js_v1,lexical_tokens,,hash50,stratum-02,same_account_different_community,score,40,27,13,0.22191032004243663,0.19529954965594762,0.20509066202808618,0.2173697984486509,0.22528343397502426,0.26913555155512964
function_word_js_v1,lexical_tokens,,hash50,stratum-02,same_account_different_community,raw_distance,40,0,40,0.24492807563678592,0.19529954965594762,0.21652094039183353,0.2436942480247975,0.26847989604289646,0.32047410530557113
function_word_js_v1,lexical_tokens,,hash50,stratum-02,different_account_different_community,score,40,28,12,0.2354182152315125,0.19597867188317808,0.21936678164915746,0.23471678379431116,0.2524473346996475,0.27189208782769814
function_word_js_v1,lexical_tokens,,hash50,stratum-02,different_account_different_community,raw_distance,40,0,40,0.25404124906578035,0.19597867188317808,0.23390190270394284,0.24613820992292157,0.27249549005697865,0.34147443289613133
function_word_js_v1,lexical_tokens,,hash50,stratum-03,same_account_same_community,score,40,26,14,0.2114852414832047,0.19041996521586957,0.20093410560610148,0.2095724427781499,0.21846030927408033,0.24835398542724715
function_word_js_v1,lexical_tokens,,hash50,stratum-03,same_account_same_community,raw_distance,40,0,40,0.2423852111348943,0.19041996521586957,0.21662730585718148,0.23870210060645863,0.26578665111676714,0.34966681998858024
function_word_js_v1,lexical_tokens,,hash50,stratum-03,different_account_same_community,score,40,28,12,0.23476813143856287,0.20193330792021763,0.21267526403287026,0.23013414435875626,0.25481502384294213,0.27399342332522725
function_word_js_v1,lexical_tokens,,hash50,stratum-03,different_account_same_community,raw_distance,40,0,40,0.2623299943229675,0.20193330792021763,0.24234429150817374,0.2558157604592778,0.279256683323105,0.3608806830532634
function_word_js_v1,lexical_tokens,,hash50,stratum-03,same_account_different_community,score,40,27,13,0.22200505225526182,0.18547970413479659,0.21552523210909644,0.21916561469140813,0.23015966074693595,0.2783372447654876
function_word_js_v1,lexical_tokens,,hash50,stratum-03,same_account_different_community,raw_distance,40,0,40,0.24768881332607434,0.18547970413479659,0.21982759530255172,0.23438344047890347,0.27495644146729603,0.3359304091876363
function_word_js_v1,lexical_tokens,,hash50,stratum-03,different_account_different_community,score,40,26,14,0.24293327339029128,0.20442195143461991,0.2288629696084753,0.24224115036990962,0.26349736703500404,0.27248139936452603
function_word_js_v1,lexical_tokens,,hash50,stratum-03,different_account_different_community,raw_distance,40,0,40,0.2680296065709108,0.20442195143461991,0.23870098781056076,0.25916428834901506,0.2953877708367254,0.3801756349462667
function_word_js_v1,lexical_tokens,,middle50,stratum-01,same_account_same_community,score,40,28,12,0.2200686859643359,0.19170053344571375,0.2042453159980801,0.22206000117436786,0.23339503318566318,0.25464540246041645
function_word_js_v1,lexical_tokens,,middle50,stratum-01,same_account_same_community,raw_distance,40,0,40,0.22580247558602187,0.18182925173609973,0.20671830188637436,0.22421389250415663,0.24762564372107093,0.26267293278735593
function_word_js_v1,lexical_tokens,,middle50,stratum-01,different_account_same_community,score,40,30,10,0.2267006717706236,0.1979830826070442,0.2195722593495703,0.22759374018580125,0.2310030829233859,0.2563855330245144
function_word_js_v1,lexical_tokens,,middle50,stratum-01,different_account_same_community,raw_distance,40,0,40,0.23484989276887708,0.18689587939661872,0.2241075509859126,0.23138686517256418,0.2511584763985701,0.28189425939335033
function_word_js_v1,lexical_tokens,,middle50,stratum-01,same_account_different_community,score,40,31,9,0.21999191300465876,0.1970370056300905,0.21898151917303024,0.22161647071650473,0.22449046774725873,0.24877654557288967
function_word_js_v1,lexical_tokens,,middle50,stratum-01,same_account_different_community,raw_distance,40,0,40,0.22562469973187338,0.1865216064665151,0.21360357684340522,0.22490689643037404,0.2387667387163745,0.2791167791150257
function_word_js_v1,lexical_tokens,,middle50,stratum-01,different_account_different_community,score,40,29,11,0.2254796410706312,0.20448294305898485,0.2203500077035434,0.22911571960852245,0.23226247616148812,0.2359844365468408
function_word_js_v1,lexical_tokens,,middle50,stratum-01,different_account_different_community,raw_distance,40,0,40,0.23830062176416061,0.19559487805211323,0.2237352308419776,0.23526812202434272,0.25007533962469664,0.2961809517980583
function_word_js_v1,lexical_tokens,,middle50,stratum-02,same_account_same_community,score,40,32,8,0.20168023828938816,0.18094199575948328,0.1942413829344295,0.1998181232079817,0.20744296344709573,0.22936914995524452
function_word_js_v1,lexical_tokens,,middle50,stratum-02,same_account_same_community,raw_distance,40,0,40,0.22022736584987354,0.18094199575948328,0.20633023437426512,0.21922593467512907,0.22982865901784025,0.2719874985492888
function_word_js_v1,lexical_tokens,,middle50,stratum-02,different_account_same_community,score,40,31,9,0.23887143981530856,0.21284276075633154,0.22687854811503133,0.23314257297780738,0.24586391832458004,0.27927950168528715
function_word_js_v1,lexical_tokens,,middle50,stratum-02,different_account_same_community,raw_distance,40,0,40,0.24142636283621552,0.20175342377166297,0.22692290652036168,0.2362870941999948,0.262744312153391,0.2807953410971364
function_word_js_v1,lexical_tokens,,middle50,stratum-02,same_account_different_community,score,40,34,6,0.22279456937445788,0.1891258613013889,0.216245460270152,0.22351634779676827,0.23134923307796548,0.2528268334188442
function_word_js_v1,lexical_tokens,,middle50,stratum-02,same_account_different_community,raw_distance,40,0,40,0.2318739276287106,0.1891258613013889,0.21516456682993404,0.22887478270064826,0.24671626837667443,0.28518581978098906
function_word_js_v1,lexical_tokens,,middle50,stratum-02,different_account_different_community,score,40,31,9,0.2479169792603836,0.22162863574714714,0.2256568844828994,0.2428432320354787,0.2548814388982503,0.31254229829899755
function_word_js_v1,lexical_tokens,,middle50,stratum-02,different_account_different_community,raw_distance,40,0,40,0.24332920267282504,0.2001696325312391,0.22490361189111616,0.2423791558259717,0.25740768372089917,0.31254229829899755
function_word_js_v1,lexical_tokens,,middle50,stratum-03,same_account_same_community,score,40,25,15,0.222252004753598,0.19808687052949478,0.21094277014699214,0.21827934085028025,0.22633666178155173,0.2592429707498923
function_word_js_v1,lexical_tokens,,middle50,stratum-03,same_account_same_community,raw_distance,40,0,40,0.2284190984082461,0.1856593736028665,0.2131816056794231,0.22288144587799794,0.24470369818568502,0.29741719476285644
function_word_js_v1,lexical_tokens,,middle50,stratum-03,different_account_same_community,score,40,23,17,0.24741008845111825,0.20560193839300195,0.22787891991066345,0.24517381847427,0.25825159335009645,0.2920736202568248
function_word_js_v1,lexical_tokens,,middle50,stratum-03,different_account_same_community,raw_distance,40,0,40,0.2526067315792624,0.20560193839300195,0.2394743583739745,0.2475963733495035,0.26616270941074505,0.34019261454058686
function_word_js_v1,lexical_tokens,,middle50,stratum-03,same_account_different_community,score,40,24,16,0.23288972959370946,0.20880615159346733,0.21820815305995464,0.2320673443111965,0.24243989393587084,0.2704892786801003
function_word_js_v1,lexical_tokens,,middle50,stratum-03,same_account_different_community,raw_distance,40,0,40,0.23834084745053055,0.20025963336775487,0.2182361161085942,0.23326162444507803,0.25002642060404334,0.31513639648895225
function_word_js_v1,lexical_tokens,,middle50,stratum-03,different_account_different_community,score,40,22,18,0.248988809069766,0.21740734308927281,0.23615865302692424,0.2459730343459684,0.2602099895877447,0.28674864979402576
function_word_js_v1,lexical_tokens,,middle50,stratum-03,different_account_different_community,raw_distance,40,0,40,0.2587420840882993,0.21740734308927281,0.2373187719435007,0.254325746963457,0.2709145623099148,0.3303856750706821
