stratum_id,block_id,cell_id,experimental_full_target_met,first_utc,last_utc,longest_record_share,longest_record_words,median_timestamp,median_utc,nearest_rank_word_quantiles,nonempty,ordinary_volume_guards_met,record_shortfall,records,retained_words,word_overshoot,word_shortfall,word_target
AskAcademia / GradSchool,stratum-01-block-01,A/X/early,True,2015-06-16T23:58:26Z,2015-10-05T14:02:45Z,"{""denominator"": 227, ""numerator"": 70}",700,"{""denominator"": 2, ""numerator"": 2870177445}",2015-06-23T19:45:22.500000Z,"{""q25"": 61, ""q50"": 97, ""q75"": 133, ""q90"": 448}",True,True,0,12,2270,270,0,2000
AskAcademia / GradSchool,stratum-01-block-01,A/X/late,True,2017-03-23T16:47:17Z,2017-07-13T21:54:12Z,"{""denominator"": 2479, ""numerator"": 632}",632,"{""denominator"": 1, ""numerator"": 1495047400}",2017-05-17T18:56:40Z,"{""q25"": 45, ""q50"": 70, ""q75"": 180, ""q90"": 398}",True,True,0,17,2479,479,0,2000
AskAcademia / GradSchool,stratum-01-block-01,A/Y/early,True,2015-06-05T09:55:38Z,2015-06-26T04:49:11Z,"{""denominator"": 289, ""numerator"": 105}",735,"{""denominator"": 1, ""numerator"": 1435045224}",2015-06-23T07:40:24Z,"{""q25"": 69, ""q50"": 87, ""q75"": 209, ""q90"": 504}",True,True,0,10,2023,23,0,2000
AskAcademia / GradSchool,stratum-01-block-01,A/Y/late,True,2017-03-03T21:30:22Z,2017-06-12T21:19:06Z,"{""denominator"": 1325, ""numerator"": 392}",784,"{""denominator"": 2, ""numerator"": 2989147133}",2017-05-12T07:19:26.500000Z,"{""q25"": 34, ""q50"": 48, ""q75"": 121, ""q90"": 190}",True,True,0,24,2650,650,0,2000
AskAcademia / GradSchool,stratum-01-block-01,B/X/early,True,2014-10-15T18:24:59Z,2014-11-05T14:58:55Z,"{""denominator"": 2101, ""numerator"": 857}",857,"{""denominator"": 1, ""numerator"": 1414274655}",2014-10-25T22:04:15Z,"{""q25"": 32, ""q50"": 38, ""q75"": 125, ""q90"": 597}",True,True,0,12,2101,101,0,2000
AskAcademia / GradSchool,stratum-01-block-01,B/X/late,True,2017-04-17T21:42:29Z,2017-04-22T14:03:16Z,"{""denominator"": 1027, ""numerator"": 658}",1316,"{""denominator"": 2, ""numerator"": 2985388961}",2017-04-20T13:21:20.500000Z,"{""q25"": 31, ""q50"": 48, ""q75"": 125, ""q90"": 140}",True,True,0,12,2054,54,0,2000
AskAcademia / GradSchool,stratum-01-block-01,B/Y/early,True,2014-06-23T14:04:06Z,2014-11-17T15:41:50Z,"{""denominator"": 2089, ""numerator"": 578}",578,"{""denominator"": 2, ""numerator"": 2831251747}",2014-11-10T13:24:33.500000Z,"{""q25"": 37, ""q50"": 85, ""q75"": 122, ""q90"": 323}",True,True,0,16,2089,89,0,2000
AskAcademia / GradSchool,stratum-01-block-01,B/Y/late,True,2017-04-14T14:18:09Z,2017-04-23T13:21:46Z,"{""denominator"": 2242, ""numerator"": 289}",289,"{""denominator"": 1, ""numerator"": 1492438863}",2017-04-17T14:21:03Z,"{""q25"": 50, ""q50"": 107, ""q75"": 130, ""q90"": 225}",True,True,0,21,2242,242,0,2000
AskAcademia / GradSchool,stratum-01-block-02,A/X/early,True,2011-10-21T02:29:24Z,2012-02-17T14:09:22Z,"{""denominator"": 1037, ""numerator"": 193}",386,"{""denominator"": 2, ""numerator"": 2643309705}",2011-11-18T22:20:52.500000Z,"{""q25"": 40, ""q50"": 66, ""q75"": 133, ""q90"": 162}",True,True,0,22,2074,74,0,2000
AskAcademia / GradSchool,stratum-01-block-02,A/X/late,True,2017-03-06T22:07:40Z,2017-06-05T19:17:29Z,"{""denominator"": 2059, ""numerator"": 185}",185,"{""denominator"": 1, ""numerator"": 1491765324}",2017-04-09T19:15:24Z,"{""q25"": 54, ""q50"": 76, ""q75"": 105, ""q90"": 152}",True,True,0,24,2059,59,0,2000
AskAcademia / GradSchool,stratum-01-block-02,A/Y/early,True,2011-11-15T12:43:54Z,2012-05-03T01:03:39Z,"{""denominator"": 2021, ""numerator"": 302}",302,"{""denominator"": 1, ""numerator"": 1325187365}",2011-12-29T19:36:05Z,"{""q25"": 34, ""q50"": 52, ""q75"": 101, ""q90"": 145}",True,True,0,26,2021,21,0,2000
AskAcademia / GradSchool,stratum-01-block-02,A/Y/late,True,2018-04-03T02:35:36Z,2018-06-11T02:46:15Z,"{""denominator"": 2067, ""numerator"": 245}",245,"{""denominator"": 2, ""numerator"": 3050260533}",2018-04-30T23:17:46.500000Z,"{""q25"": 40, ""q50"": 70, ""q75"": 100, ""q90"": 148}",True,True,0,26,2067,67,0,2000
AskAcademia / GradSchool,stratum-01-block-02,B/X/early,True,2013-04-06T03:02:16Z,2013-04-19T06:39:19Z,"{""denominator"": 1015, ""numerator"": 159}",318,"{""denominator"": 1, ""numerator"": 1365755899}",2013-04-12T08:38:19Z,"{""q25"": 44, ""q50"": 63, ""q75"": 110, ""q90"": 244}",True,True,0,21,2030,30,0,2000
AskAcademia / GradSchool,stratum-01-block-02,B/X/late,True,2016-08-14T04:10:39Z,2017-12-08T14:38:21Z,"{""denominator"": 507, ""numerator"": 67}",268,"{""denominator"": 1, ""numerator"": 1494679226}",2017-05-13T12:40:26Z,"{""q25"": 37, ""q50"": 73, ""q75"": 98, ""q90"": 120}",True,True,0,26,2028,28,0,2000
AskAcademia / GradSchool,stratum-01-block-02,B/Y/early,True,2013-04-19T06:13:00Z,2013-06-02T07:42:47Z,"{""denominator"": 24, ""numerator"": 5}",425,"{""denominator"": 1, ""numerator"": 1369264744}",2013-05-22T23:19:04Z,"{""q25"": 40, ""q50"": 60, ""q75"": 104, ""q90"": 133}",True,True,0,22,2040,40,0,2000
AskAcademia / GradSchool,stratum-01-block-02,B/Y/late,True,2016-11-26T23:29:32Z,2017-09-06T13:15:22Z,"{""denominator"": 2142, ""numerator"": 307}",307,"{""denominator"": 1, ""numerator"": 1495830491}",2017-05-26T20:28:11Z,"{""q25"": 47, ""q50"": 70, ""q75"": 119, ""q90"": 136}",True,True,0,25,2142,142,0,2000
AskAcademia / GradSchool,stratum-01-block-03,A/X/early,True,2012-10-29T21:13:20Z,2014-01-20T18:30:29Z,"{""denominator"": 500, ""numerator"": 53}",212,"{""denominator"": 2, ""numerator"": 2753526787}",2013-08-17T18:16:33.500000Z,"{""q25"": 40, ""q50"": 57, ""q75"": 87, ""q90"": 99}",True,True,0,30,2000,0,0,2000
AskAcademia / GradSchool,stratum-01-block-03,A/X/late,True,2016-08-30T13:29:16Z,2017-12-01T18:22:09Z,"{""denominator"": 2035, ""numerator"": 368}",368,"{""denominator"": 1, ""numerator"": 1486491526}",2017-02-07T18:18:46Z,"{""q25"": 33, ""q50"": 53, ""q75"": 60, ""q90"": 91}",True,True,0,33,2035,35,0,2000
AskAcademia / GradSchool,stratum-01-block-03,A/Y/early,True,2010-11-04T14:44:35Z,2014-03-18T17:57:17Z,"{""denominator"": 2063, ""numerator"": 319}",319,"{""denominator"": 1, ""numerator"": 1374772063}",2013-07-25T17:07:43Z,"{""q25"": 29, ""q50"": 46, ""q75"": 94, ""q90"": 103}",True,True,0,31,2063,63,0,2000
AskAcademia / GradSchool,stratum-01-block-03,A/Y/late,True,2016-08-06T22:30:51Z,2017-12-28T15:11:51Z,"{""denominator"": 2053, ""numerator"": 145}",145,"{""denominator"": 2, ""numerator"": 2957370727}",2016-11-09T09:56:03.500000Z,"{""q25"": 27, ""q50"": 52, ""q75"": 76, ""q90"": 106}",True,True,0,36,2053,53,0,2000
AskAcademia / GradSchool,stratum-01-block-03,B/X/early,True,2015-04-26T05:05:32Z,2015-07-07T02:48:23Z,"{""denominator"": 1008, ""numerator"": 79}",158,"{""denominator"": 1, ""numerator"": 1431565947}",2015-05-14T01:12:27Z,"{""q25"": 28, ""q50"": 41, ""q75"": 61, ""q90"": 99}",True,True,0,39,2016,16,0,2000
AskAcademia / GradSchool,stratum-01-block-03,B/X/late,True,2015-10-30T23:58:12Z,2017-01-24T16:08:14Z,"{""denominator"": 2009, ""numerator"": 121}",121,"{""denominator"": 1, ""numerator"": 1454875934}",2016-02-07T20:12:14Z,"{""q25"": 36, ""q50"": 50, ""q75"": 65, ""q90"": 109}",True,True,0,36,2009,9,0,2000
AskAcademia / GradSchool,stratum-01-block-03,B/Y/early,True,2015-04-12T22:13:37Z,2015-05-10T18:23:37Z,"{""denominator"": 2137, ""numerator"": 634}",634,"{""denominator"": 2, ""numerator"": 2859057023}",2015-04-20T11:15:11.500000Z,"{""q25"": 37, ""q50"": 52, ""q75"": 84, ""q90"": 143}",True,True,0,24,2137,137,0,2000
AskAcademia / GradSchool,stratum-01-block-03,B/Y/late,True,2016-03-14T18:09:57Z,2017-03-31T03:44:24Z,"{""denominator"": 2017, ""numerator"": 122}",122,"{""denominator"": 1, ""numerator"": 1461378288}",2016-04-23T02:24:48Z,"{""q25"": 29, ""q50"": 42, ""q75"": 69, ""q90"": 80}",True,True,0,40,2017,17,0,2000
AskAcademia / GradSchool,stratum-01-block-04,A/X/early,True,2014-08-14T12:42:56Z,2014-11-08T17:46:43Z,"{""denominator"": 2227, ""numerator"": 526}",526,"{""denominator"": 2, ""numerator"": 2822887493}",2014-09-23T03:42:26.500000Z,"{""q25"": 26, ""q50"": 46, ""q75"": 90, ""q90"": 118}",True,True,0,30,2227,227,0,2000
AskAcademia / GradSchool,stratum-01-block-04,A/X/late,True,2017-02-08T19:14:39Z,2017-07-05T17:55:45Z,"{""denominator"": 2417, ""numerator"": 510}",510,"{""denominator"": 2, ""numerator"": 2992636533}",2017-06-01T11:57:46.500000Z,"{""q25"": 31, ""q50"": 52, ""q75"": 114, ""q90"": 181}",True,True,0,26,2417,417,0,2000
AskAcademia / GradSchool,stratum-01-block-04,A/Y/early,True,2014-08-28T11:11:03Z,2015-02-22T20:48:25Z,"{""denominator"": 2006, ""numerator"": 147}",147,"{""denominator"": 1, ""numerator"": 1416485532}",2014-11-20T12:12:12Z,"{""q25"": 27, ""q50"": 50, ""q75"": 101, ""q90"": 139}",True,True,0,31,2006,6,0,2000
AskAcademia / GradSchool,stratum-01-block-04,A/Y/late,True,2017-02-10T12:36:03Z,2017-07-10T11:05:34Z,"{""denominator"": 2019, ""numerator"": 317}",317,"{""denominator"": 1, ""numerator"": 1495466049}",2017-05-22T15:14:09Z,"{""q25"": 34, ""q50"": 40, ""q75"": 82, ""q90"": 127}",True,True,0,29,2019,19,0,2000
AskAcademia / GradSchool,stratum-01-block-04,B/X/early,True,2014-10-13T16:17:40Z,2015-05-05T15:33:11Z,"{""denominator"": 2064, ""numerator"": 211}",211,"{""denominator"": 1, ""numerator"": 1425322391}",2015-03-02T18:53:11Z,"{""q25"": 26, ""q50"": 40, ""q75"": 77, ""q90"": 111}",True,True,0,33,2064,64,0,2000
AskAcademia / GradSchool,stratum-01-block-04,B/X/late,True,2016-05-25T11:28:48Z,2018-03-03T22:25:01Z,"{""denominator"": 1023, ""numerator"": 95}",190,"{""denominator"": 1, ""numerator"": 1486499657}",2017-02-07T20:34:17Z,"{""q25"": 28, ""q50"": 50, ""q75"": 93, ""q90"": 127}",True,True,0,31,2046,46,0,2000
AskAcademia / GradSchool,stratum-01-block-04,B/Y/early,True,2014-11-13T20:06:42Z,2015-04-20T14:28:25Z,"{""denominator"": 2030, ""numerator"": 247}",247,"{""denominator"": 2, ""numerator"": 2850200231}",2015-02-28T05:08:35.500000Z,"{""q25"": 27, ""q50"": 34, ""q75"": 61, ""q90"": 110}",True,True,0,36,2030,30,0,2000
AskAcademia / GradSchool,stratum-01-block-04,B/Y/late,True,2017-01-09T22:17:24Z,2017-08-10T05:41:26Z,"{""denominator"": 2141, ""numerator"": 592}",592,"{""denominator"": 1, ""numerator"": 1485708293}",2017-01-29T16:44:53Z,"{""q25"": 33, ""q50"": 43, ""q75"": 65, ""q90"": 150}",True,True,0,29,2141,141,0,2000
AskAcademia / GradSchool,stratum-01-block-05,A/X/early,True,2013-11-28T06:56:43Z,2015-04-08T23:46:52Z,"{""denominator"": 2043, ""numerator"": 244}",244,"{""denominator"": 2, ""numerator"": 2822277067}",2014-09-19T14:55:33.500000Z,"{""q25"": 31, ""q50"": 48, ""q75"": 77, ""q90"": 120}",True,True,0,32,2043,43,0,2000
AskAcademia / GradSchool,stratum-01-block-05,A/X/late,True,2016-05-19T18:05:25Z,2018-05-07T16:07:34Z,"{""denominator"": 1041, ""numerator"": 101}",202,"{""denominator"": 1, ""numerator"": 1497507609}",2017-06-15T06:20:09Z,"{""q25"": 40, ""q50"": 61, ""q75"": 95, ""q90"": 131}",True,True,0,29,2082,82,0,2000
AskAcademia / GradSchool,stratum-01-block-05,A/Y/early,True,2013-10-23T18:51:20Z,2014-01-30T03:42:24Z,"{""denominator"": 340, ""numerator"": 37}",222,"{""denominator"": 1, ""numerator"": 1387173014}",2013-12-16T05:50:14Z,"{""q25"": 31, ""q50"": 55, ""q75"": 85, ""q90"": 161}",True,True,0,28,2040,40,0,2000
AskAcademia / GradSchool,stratum-01-block-05,A/Y/late,True,2015-11-04T02:32:36Z,2018-03-05T16:49:58Z,"{""denominator"": 2003, ""numerator"": 189}",189,"{""denominator"": 1, ""numerator"": 1472626267}",2016-08-31T06:51:07Z,"{""q25"": 33, ""q50"": 72, ""q75"": 142, ""q90"": 174}",True,True,0,22,2003,3,0,2000
AskAcademia / GradSchool,stratum-01-block-05,B/X/early,True,2014-11-18T01:15:02Z,2015-09-30T00:07:02Z,"{""denominator"": 2099, ""numerator"": 153}",153,"{""denominator"": 1, ""numerator"": 1420680567}",2015-01-08T01:29:27Z,"{""q25"": 31, ""q50"": 43, ""q75"": 81, ""q90"": 115}",True,True,0,35,2099,99,0,2000
AskAcademia / GradSchool,stratum-01-block-05,B/X/late,True,2016-02-10T23:22:47Z,2018-06-20T20:53:41Z,"{""denominator"": 293, ""numerator"": 39}",273,"{""denominator"": 1, ""numerator"": 1519435082}",2018-02-24T01:18:02Z,"{""q25"": 27, ""q50"": 55, ""q75"": 78, ""q90"": 144}",True,True,0,29,2051,51,0,2000
AskAcademia / GradSchool,stratum-01-block-05,B/Y/early,True,2014-11-18T21:32:07Z,2015-04-08T03:10:44Z,"{""denominator"": 2081, ""numerator"": 321}",321,"{""denominator"": 2, ""numerator"": 2849642371}",2015-02-24T23:39:45.500000Z,"{""q25"": 37, ""q50"": 46, ""q75"": 74, ""q90"": 85}",True,True,0,34,2081,81,0,2000
AskAcademia / GradSchool,stratum-01-block-05,B/Y/late,True,2016-03-26T22:04:40Z,2018-05-24T21:13:22Z,"{""denominator"": 338, ""numerator"": 67}",402,"{""denominator"": 2, ""numerator"": 3029684547}",2018-01-01T21:31:13.500000Z,"{""q25"": 43, ""q50"": 74, ""q75"": 163, ""q90"": 225}",True,True,0,18,2028,28,0,2000
AskAcademia / GradSchool,stratum-01-block-06,A/X/early,True,2015-05-04T02:02:26Z,2015-09-09T20:58:50Z,"{""denominator"": 2033, ""numerator"": 243}",243,"{""denominator"": 1, ""numerator"": 1437435047}",2015-07-20T23:30:47Z,"{""q25"": 40, ""q50"": 91, ""q75"": 143, ""q90"": 228}",True,True,0,19,2033,33,0,2000
AskAcademia / GradSchool,stratum-01-block-06,A/X/late,True,2016-07-13T07:12:33Z,2017-09-05T02:30:34Z,"{""denominator"": 1081, ""numerator"": 122}",244,"{""denominator"": 1, ""numerator"": 1481526128}",2016-12-12T07:02:08Z,"{""q25"": 34, ""q50"": 62, ""q75"": 113, ""q90"": 152}",True,True,0,26,2162,162,0,2000
AskAcademia / GradSchool,stratum-01-block-06,A/Y/early,True,2015-05-06T18:05:17Z,2015-05-25T03:52:16Z,"{""denominator"": 671, ""numerator"": 125}",375,"{""denominator"": 2, ""numerator"": 2864316859}",2015-05-20T21:47:09.500000Z,"{""q25"": 62, ""q50"": 107, ""q75"": 125, ""q90"": 336}",True,True,0,16,2013,13,0,2000
AskAcademia / GradSchool,stratum-01-block-06,A/Y/late,True,2016-11-28T20:42:43Z,2017-09-05T02:20:20Z,"{""denominator"": 2001, ""numerator"": 400}",400,"{""denominator"": 1, ""numerator"": 1503669152}",2017-08-25T13:52:32Z,"{""q25"": 39, ""q50"": 63, ""q75"": 129, ""q90"": 200}",True,True,0,20,2001,1,0,2000
AskAcademia / GradSchool,stratum-01-block-06,B/X/early,True,2013-12-08T16:27:06Z,2014-02-24T02:20:19Z,"{""denominator"": 2139, ""numerator"": 232}",232,"{""denominator"": 2, ""numerator"": 2778742561}",2014-01-10T16:28:00.500000Z,"{""q25"": 76, ""q50"": 92, ""q75"": 192, ""q90"": 218}",True,True,0,18,2139,139,0,2000
AskAcademia / GradSchool,stratum-01-block-06,B/X/late,True,2016-03-21T01:44:59Z,2018-04-20T19:57:29Z,"{""denominator"": 2056, ""numerator"": 485}",485,"{""denominator"": 2, ""numerator"": 2979449799}",2017-03-17T04:28:19.500000Z,"{""q25"": 32, ""q50"": 70, ""q75"": 122, ""q90"": 142}",True,True,0,22,2056,56,0,2000
AskAcademia / GradSchool,stratum-01-block-06,B/Y/early,True,2013-12-31T22:55:48Z,2014-01-16T01:09:50Z,"{""denominator"": 715, ""numerator"": 179}",537,"{""denominator"": 1, ""numerator"": 1389120587}",2014-01-07T18:49:47Z,"{""q25"": 74, ""q50"": 97, ""q75"": 148, ""q90"": 221}",True,True,0,16,2145,145,0,2000
AskAcademia / GradSchool,stratum-01-block-06,B/Y/late,True,2015-11-15T15:26:14Z,2018-01-24T02:12:07Z,"{""denominator"": 2133, ""numerator"": 376}",376,"{""denominator"": 1, ""numerator"": 1451251225}",2015-12-27T21:20:25Z,"{""q25"": 90, ""q50"": 113, ""q75"": 261, ""q90"": 298}",True,True,0,13,2133,133,0,2000
AskAcademia / GradSchool,stratum-01-block-07,A/X/early,True,2014-02-02T05:29:51Z,2014-05-29T22:53:20Z,"{""denominator"": 523, ""numerator"": 62}",248,"{""denominator"": 1, ""numerator"": 1398640826}",2014-04-27T23:20:26Z,"{""q25"": 48, ""q50"": 73, ""q75"": 118, ""q90"": 183}",True,True,0,23,2092,92,0,2000
AskAcademia / GradSchool,stratum-01-block-07,A/X/late,True,2016-07-03T05:47:50Z,2018-01-30T18:41:56Z,"{""denominator"": 2036, ""numerator"": 203}",203,"{""denominator"": 1, ""numerator"": 1491353939}",2017-04-05T00:58:59Z,"{""q25"": 47, ""q50"": 58, ""q75"": 85, ""q90"": 129}",True,True,0,28,2036,36,0,2000
AskAcademia / GradSchool,stratum-01-block-07,A/Y/early,True,2014-01-18T02:36:37Z,2014-06-23T04:27:13Z,"{""denominator"": 2029, ""numerator"": 238}",238,"{""denominator"": 1, ""numerator"": 1399754853}",2014-05-10T20:47:33Z,"{""q25"": 52, ""q50"": 68, ""q75"": 124, ""q90"": 176}",True,True,0,23,2029,29,0,2000
AskAcademia / GradSchool,stratum-01-block-07,A/Y/late,True,2015-11-19T06:29:50Z,2017-11-17T05:17:37Z,"{""denominator"": 1045, ""numerator"": 81}",162,"{""denominator"": 1, ""numerator"": 1469196356}",2016-07-22T14:05:56Z,"{""q25"": 55, ""q50"": 90, ""q75"": 109, ""q90"": 119}",True,True,0,25,2090,90,0,2000
AskAcademia / GradSchool,stratum-01-block-07,B/X/early,True,2013-06-08T23:48:22Z,2015-06-21T01:54:12Z,"{""denominator"": 500, ""numerator"": 83}",332,"{""denominator"": 2, ""numerator"": 2811732041}",2014-07-20T14:20:20.500000Z,"{""q25"": 59, ""q50"": 122, ""q75"": 139, ""q90"": 216}",True,True,0,16,2000,0,0,2000
AskAcademia / GradSchool,stratum-01-block-07,B/X/late,True,2017-02-22T08:43:05Z,2017-06-12T06:41:33Z,"{""denominator"": 73, ""numerator"": 8}",224,"{""denominator"": 1, ""numerator"": 1494396100}",2017-05-10T06:01:40Z,"{""q25"": 31, ""q50"": 53, ""q75"": 92, ""q90"": 147}",True,True,0,29,2044,44,0,2000
AskAcademia / GradSchool,stratum-01-block-07,B/Y/early,True,2014-03-08T05:56:26Z,2015-06-02T16:53:15Z,"{""denominator"": 1098, ""numerator"": 155}",310,"{""denominator"": 1, ""numerator"": 1406670213}",2014-07-29T21:43:33Z,"{""q25"": 58, ""q50"": 102, ""q75"": 155, ""q90"": 260}",True,True,0,19,2196,196,0,2000
AskAcademia / GradSchool,stratum-01-block-07,B/Y/late,True,2016-11-26T00:26:11Z,2017-08-08T06:38:35Z,"{""denominator"": 2003, ""numerator"": 148}",148,"{""denominator"": 1, ""numerator"": 1495067614}",2017-05-18T00:33:34Z,"{""q25"": 33, ""q50"": 55, ""q75"": 82, ""q90"": 118}",True,True,0,32,2003,3,0,2000
AskAcademia / GradSchool,stratum-01-block-08,A/X/early,True,2013-04-23T09:19:40Z,2013-12-10T11:55:04Z,"{""denominator"": 2005, ""numerator"": 193}",193,"{""denominator"": 1, ""numerator"": 1377301589}",2013-08-23T23:46:29Z,"{""q25"": 41, ""q50"": 58, ""q75"": 89, ""q90"": 118}",True,True,0,28,2005,5,0,2000
AskAcademia / GradSchool,stratum-01-block-08,A/X/late,True,2015-10-30T08:25:15Z,2018-03-16T21:46:41Z,"{""denominator"": 2101, ""numerator"": 183}",183,"{""denominator"": 1, ""numerator"": 1468087267}",2016-07-09T18:01:07Z,"{""q25"": 32, ""q50"": 54, ""q75"": 103, ""q90"": 121}",True,True,0,30,2101,101,0,2000
AskAcademia / GradSchool,stratum-01-block-08,A/Y/early,True,2013-04-18T08:03:50Z,2013-10-30T00:09:59Z,"{""denominator"": 2021, ""numerator"": 181}",181,"{""denominator"": 1, ""numerator"": 1373442402}",2013-07-10T07:46:42Z,"{""q25"": 35, ""q50"": 42, ""q75"": 83, ""q90"": 122}",True,True,0,33,2021,21,0,2000
AskAcademia / GradSchool,stratum-01-block-08,A/Y/late,True,2015-10-12T22:51:01Z,2017-07-13T20:34:28Z,"{""denominator"": 2073, ""numerator"": 185}",185,"{""denominator"": 1, ""numerator"": 1470339627}",2016-08-04T19:40:27Z,"{""q25"": 36, ""q50"": 48, ""q75"": 93, ""q90"": 124}",True,True,0,31,2073,73,0,2000
AskAcademia / GradSchool,stratum-01-block-08,B/X/early,True,2015-03-25T22:55:16Z,2015-09-22T18:15:27Z,"{""denominator"": 2022, ""numerator"": 421}",421,"{""denominator"": 2, ""numerator"": 2868856753}",2015-06-16T04:19:36.500000Z,"{""q25"": 46, ""q50"": 65, ""q75"": 113, ""q90"": 142}",True,True,0,22,2022,22,0,2000
AskAcademia / GradSchool,stratum-01-block-08,B/X/late,True,2016-08-14T15:05:07Z,2017-12-28T00:39:07Z,"{""denominator"": 2033, ""numerator"": 216}",216,"{""denominator"": 2, ""numerator"": 2963219847}",2016-12-13T06:18:43.500000Z,"{""q25"": 51, ""q50"": 63, ""q75"": 95, ""q90"": 135}",True,True,0,26,2033,33,0,2000
AskAcademia / GradSchool,stratum-01-block-08,B/Y/early,True,2014-12-05T15:04:06Z,2015-04-09T21:32:30Z,"{""denominator"": 2037, ""numerator"": 176}",176,"{""denominator"": 1, ""numerator"": 1425420004}",2015-03-03T22:00:04Z,"{""q25"": 34, ""q50"": 62, ""q75"": 76, ""q90"": 100}",True,True,0,33,2037,37,0,2000
AskAcademia / GradSchool,stratum-01-block-08,B/Y/late,True,2015-12-17T15:13:27Z,2018-08-05T17:29:53Z,"{""denominator"": 1001, ""numerator"": 94}",188,"{""denominator"": 1, ""numerator"": 1464388547}",2016-05-27T22:35:47Z,"{""q25"": 36, ""q50"": 52, ""q75"": 87, ""q90"": 114}",True,True,0,31,2002,2,0,2000
AskAcademia / GradSchool,stratum-01-block-09,A/X/early,True,2013-10-13T01:23:38Z,2014-03-01T14:59:42Z,"{""denominator"": 2063, ""numerator"": 313}",313,"{""denominator"": 1, ""numerator"": 1392891573}",2014-02-20T10:19:33Z,"{""q25"": 66, ""q50"": 114, ""q75"": 136, ""q90"": 285}",True,True,0,16,2063,63,0,2000
AskAcademia / GradSchool,stratum-01-block-09,A/X/late,True,2017-05-23T14:57:46Z,2017-08-25T13:54:14Z,"{""denominator"": 77, ""numerator"": 9}",252,"{""denominator"": 1, ""numerator"": 1496417840}",2017-06-02T15:37:20Z,"{""q25"": 84, ""q50"": 157, ""q75"": 201, ""q90"": 233}",True,True,0,15,2156,156,0,2000
AskAcademia / GradSchool,stratum-01-block-09,A/Y/early,True,2013-08-15T03:16:19Z,2014-02-08T01:35:35Z,"{""denominator"": 2039, ""numerator"": 325}",325,"{""denominator"": 1, ""numerator"": 1388912021}",2014-01-05T08:53:41Z,"{""q25"": 31, ""q50"": 50, ""q75"": 86, ""q90"": 185}",True,True,0,26,2039,39,0,2000
AskAcademia / GradSchool,stratum-01-block-09,A/Y/late,True,2017-04-21T21:57:29Z,2017-05-09T12:48:10Z,"{""denominator"": 1001, ""numerator"": 135}",270,"{""denominator"": 1, ""numerator"": 1493663891}",2017-05-01T18:38:11Z,"{""q25"": 76, ""q50"": 105, ""q75"": 135, ""q90"": 253}",True,True,0,17,2002,2,0,2000
AskAcademia / GradSchool,stratum-01-block-09,B/X/early,True,2012-11-24T06:28:25Z,2013-01-20T04:12:04Z,"{""denominator"": 2072, ""numerator"": 275}",275,"{""denominator"": 2, ""numerator"": 2707723931}",2012-11-25T16:46:05.500000Z,"{""q25"": 55, ""q50"": 74, ""q75"": 137, ""q90"": 201}",True,True,0,20,2072,72,0,2000
AskAcademia / GradSchool,stratum-01-block-09,B/X/late,True,2016-05-24T02:54:07Z,2018-10-03T08:53:14Z,"{""denominator"": 172, ""numerator"": 33}",396,"{""denominator"": 1, ""numerator"": 1525032403}",2018-04-29T20:06:43Z,"{""q25"": 40, ""q50"": 112, ""q75"": 200, ""q90"": 299}",True,True,0,15,2064,64,0,2000
AskAcademia / GradSchool,stratum-01-block-09,B/Y/early,True,2012-11-23T05:06:51Z,2012-11-28T05:01:57Z,"{""denominator"": 2255, ""numerator"": 263}",263,"{""denominator"": 1, ""numerator"": 1353717576}",2012-11-24T00:39:36Z,"{""q25"": 66, ""q50"": 77, ""q75"": 141, ""q90"": 207}",True,True,0,21,2255,255,0,2000
AskAcademia / GradSchool,stratum-01-block-09,B/Y/late,True,2016-05-03T03:49:53Z,2018-08-09T02:02:07Z,"{""denominator"": 2112, ""numerator"": 265}",265,"{""denominator"": 1, ""numerator"": 1527563390}",2018-05-29T03:09:50Z,"{""q25"": 52, ""q50"": 65, ""q75"": 129, ""q90"": 197}",True,True,0,22,2112,112,0,2000
AskAcademia / GradSchool,stratum-01-block-10,A/X/early,True,2014-08-25T04:39:10Z,2014-11-11T05:14:41Z,"{""denominator"": 2184, ""numerator"": 563}",563,"{""denominator"": 1, ""numerator"": 1409199497}",2014-08-28T04:18:17Z,"{""q25"": 37, ""q50"": 128, ""q75"": 312, ""q90"": 350}",True,True,0,11,2184,184,0,2000
AskAcademia / GradSchool,stratum-01-block-10,A/X/late,True,2016-04-22T05:05:39Z,2017-12-20T04:53:26Z,"{""denominator"": 753, ""numerator"": 115}",345,"{""denominator"": 2, ""numerator"": 2962875097}",2016-12-11T06:25:48.500000Z,"{""q25"": 63, ""q50"": 130, ""q75"": 290, ""q90"": 311}",True,True,0,14,2259,259,0,2000
AskAcademia / GradSchool,stratum-01-block-10,A/Y/early,True,2014-10-03T03:11:04Z,2015-05-07T17:45:10Z,"{""denominator"": 2152, ""numerator"": 389}",389,"{""denominator"": 1, ""numerator"": 1419274296}",2014-12-22T18:51:36Z,"{""q25"": 85, ""q50"": 129, ""q75"": 205, ""q90"": 239}",True,True,0,14,2152,152,0,2000
AskAcademia / GradSchool,stratum-01-block-10,A/Y/late,True,2016-03-20T15:42:18Z,2018-04-03T05:00:52Z,"{""denominator"": 2178, ""numerator"": 329}",329,"{""denominator"": 2, ""numerator"": 2950465541}",2016-09-30T10:52:50.500000Z,"{""q25"": 71, ""q50"": 105, ""q75"": 140, ""q90"": 306}",True,True,0,18,2178,178,0,2000
AskAcademia / GradSchool,stratum-01-block-10,B/X/early,True,2013-12-20T01:48:39Z,2014-01-22T17:16:03Z,"{""denominator"": 501, ""numerator"": 56}",224,"{""denominator"": 1, ""numerator"": 1389249540}",2014-01-09T06:39:00Z,"{""q25"": 54, ""q50"": 82, ""q75"": 118, ""q90"": 153}",True,True,0,22,2004,4,0,2000
AskAcademia / GradSchool,stratum-01-block-10,B/X/late,True,2017-03-28T16:32:04Z,2017-04-13T18:57:01Z,"{""denominator"": 2141, ""numerator"": 394}",394,"{""denominator"": 2, ""numerator"": 2981703395}",2017-03-30T05:28:17.500000Z,"{""q25"": 161, ""q50"": 203, ""q75"": 369, ""q90"": 394}",True,True,0,8,2141,141,0,2000
AskAcademia / GradSchool,stratum-01-block-10,B/Y/early,True,2013-12-16T21:18:08Z,2014-01-06T23:55:46Z,"{""denominator"": 2253, ""numerator"": 476}",476,"{""denominator"": 1, ""numerator"": 1388541072}",2014-01-01T01:51:12Z,"{""q25"": 101, ""q50"": 154, ""q75"": 438, ""q90"": 471}",True,True,0,10,2253,253,0,2000
AskAcademia / GradSchool,stratum-01-block-10,B/Y/late,True,2016-09-09T23:57:16Z,2016-11-09T17:48:36Z,"{""denominator"": 2202, ""numerator"": 691}",691,"{""denominator"": 1, ""numerator"": 1474665812}",2016-09-23T21:23:32Z,"{""q25"": 76, ""q50"": 151, ""q75"": 222, ""q90"": 233}",True,True,0,11,2202,202,0,2000
AskPhysics / Physics,stratum-02-block-01,A/X/early,True,2015-05-19T16:12:52Z,2015-05-23T06:12:49Z,"{""denominator"": 2027, ""numerator"": 522}",522,"{""denominator"": 1, ""numerator"": 1432317778}",2015-05-22T18:02:58Z,"{""q25"": 57, ""q50"": 70, ""q75"": 137, ""q90"": 284}",True,True,0,16,2027,27,0,2000
AskPhysics / Physics,stratum-02-block-01,A/X/late,True,2016-09-12T04:41:46Z,2017-05-05T01:04:08Z,"{""denominator"": 675, ""numerator"": 283}",849,"{""denominator"": 1, ""numerator"": 1476666615}",2016-10-17T01:10:15Z,"{""q25"": 66, ""q50"": 91, ""q75"": 174, ""q90"": 849}",True,True,0,9,2025,25,0,2000
AskPhysics / Physics,stratum-02-block-01,A/Y/early,True,2015-04-12T23:31:29Z,2015-05-13T00:16:21Z,"{""denominator"": 785, ""numerator"": 143}",429,"{""denominator"": 1, ""numerator"": 1430942968}",2015-05-06T20:09:28Z,"{""q25"": 69, ""q50"": 137, ""q75"": 267, ""q90"": 396}",True,True,0,13,2355,355,0,2000
AskPhysics / Physics,stratum-02-block-01,A/Y/late,True,2016-02-17T22:09:50Z,2017-05-26T17:12:18Z,"{""denominator"": 2012, ""numerator"": 299}",299,"{""denominator"": 1, ""numerator"": 1457161444}",2016-03-05T07:04:04Z,"{""q25"": 47, ""q50"": 75, ""q75"": 116, ""q90"": 180}",True,True,0,21,2012,12,0,2000
AskPhysics / Physics,stratum-02-block-01,B/X/early,True,2014-04-03T22:10:35Z,2015-04-09T17:43:33Z,"{""denominator"": 2062, ""numerator"": 293}",293,"{""denominator"": 1, ""numerator"": 1421965557}",2015-01-22T22:25:57Z,"{""q25"": 63, ""q50"": 131, ""q75"": 144, ""q90"": 203}",True,True,0,17,2062,62,0,2000
AskPhysics / Physics,stratum-02-block-01,B/X/late,True,2016-03-10T01:46:17Z,2016-09-14T04:54:18Z,"{""denominator"": 2059, ""numerator"": 379}",379,"{""denominator"": 1, ""numerator"": 1458661467}",2016-03-22T15:44:27Z,"{""q25"": 81, ""q50"": 112, ""q75"": 193, ""q90"": 304}",True,True,0,13,2059,59,0,2000
AskPhysics / Physics,stratum-02-block-01,B/Y/early,True,2014-04-14T20:49:08Z,2015-09-19T20:30:23Z,"{""denominator"": 2159, ""numerator"": 503}",503,"{""denominator"": 1, ""numerator"": 1431562385}",2015-05-14T00:13:05Z,"{""q25"": 46, ""q50"": 64, ""q75"": 164, ""q90"": 224}",True,True,0,19,2159,159,0,2000
AskPhysics / Physics,stratum-02-block-01,B/Y/late,True,2017-03-03T22:21:24Z,2017-04-29T02:27:04Z,"{""denominator"": 699, ""numerator"": 65}",195,"{""denominator"": 1, ""numerator"": 1490983397}",2017-03-31T18:03:17Z,"{""q25"": 79, ""q50"": 114, ""q75"": 146, ""q90"": 182}",True,True,0,18,2097,97,0,2000
AskPhysics / Physics,stratum-02-block-02,A/X/early,True,2013-10-23T17:09:36Z,2014-03-11T00:41:42Z,"{""denominator"": 417, ""numerator"": 56}",280,"{""denominator"": 1, ""numerator"": 1384687751}",2013-11-17T11:29:11Z,"{""q25"": 47, ""q50"": 77, ""q75"": 128, ""q90"": 154}",True,True,0,22,2085,85,0,2000
AskPhysics / Physics,stratum-02-block-02,A/X/late,True,2016-09-12T08:01:53Z,2017-10-13T16:52:58Z,"{""denominator"": 211, ""numerator"": 31}",310,"{""denominator"": 1, ""numerator"": 1481620472}",2016-12-13T09:14:32Z,"{""q25"": 41, ""q50"": 97, ""q75"": 146, ""q90"": 157}",True,True,0,21,2110,110,0,2000
AskPhysics / Physics,stratum-02-block-02,A/Y/early,True,2011-04-16T21:59:53Z,2012-07-09T20:45:19Z,"{""denominator"": 71, ""numerator"": 7}",210,"{""denominator"": 2, ""numerator"": 2670989881}",2012-04-27T02:49:00.500000Z,"{""q25"": 33, ""q50"": 45, ""q75"": 88, ""q90"": 135}",True,True,0,30,2130,130,0,2000
AskPhysics / Physics,stratum-02-block-02,A/Y/late,True,2015-12-18T00:05:29Z,2017-03-17T04:44:55Z,"{""denominator"": 67, ""numerator"": 11}",330,"{""denominator"": 1, ""numerator"": 1477524892}",2016-10-26T23:34:52Z,"{""q25"": 32, ""q50"": 64, ""q75"": 118, ""q90"": 228}",True,True,0,21,2010,10,0,2000
AskPhysics / Physics,stratum-02-block-02,B/X/early,True,2013-09-05T09:58:24Z,2013-10-22T18:03:30Z,"{""denominator"": 113, ""numerator"": 15}",270,"{""denominator"": 1, ""numerator"": 1380561703}",2013-09-30T17:21:43Z,"{""q25"": 52, ""q50"": 95, ""q75"": 137, ""q90"": 262}",True,True,0,19,2034,34,0,2000
AskPhysics / Physics,stratum-02-block-02,B/X/late,True,2016-10-01T10:59:31Z,2017-05-20T15:46:42Z,"{""denominator"": 2066, ""numerator"": 673}",673,"{""denominator"": 1, ""numerator"": 1477650420}",2016-10-28T10:27:00Z,"{""q25"": 54, ""q50"": 66, ""q75"": 103, ""q90"": 258}",True,True,0,18,2066,66,0,2000
AskPhysics / Physics,stratum-02-block-02,B/Y/early,True,2013-06-03T01:03:52Z,2013-10-23T17:30:13Z,"{""denominator"": 688, ""numerator"": 61}",183,"{""denominator"": 1, ""numerator"": 1381170043}",2013-10-07T18:20:43Z,"{""q25"": 34, ""q50"": 64, ""q75"": 106, ""q90"": 164}",True,True,0,27,2064,64,0,2000
AskPhysics / Physics,stratum-02-block-02,B/Y/late,True,2016-09-23T15:04:04Z,2017-10-17T21:31:34Z,"{""denominator"": 2005, ""numerator"": 309}",309,"{""denominator"": 1, ""numerator"": 1495558755}",2017-05-23T16:59:15Z,"{""q25"": 44, ""q50"": 89, ""q75"": 115, ""q90"": 159}",True,True,0,21,2005,5,0,2000
AskPhysics / Physics,stratum-02-block-03,A/X/early,True,2015-06-30T12:29:32Z,2015-07-02T21:54:39Z,"{""denominator"": 1129, ""numerator"": 284}",568,"{""denominator"": 1, ""numerator"": 1435775869}",2015-07-01T18:37:49Z,"{""q25"": 38, ""q50"": 63, ""q75"": 164, ""q90"": 276}",True,True,0,19,2258,258,0,2000
AskPhysics / Physics,stratum-02-block-03,A/X/late,True,2017-01-24T21:25:42Z,2017-05-31T17:51:39Z,"{""denominator"": 2162, ""numerator"": 215}",215,"{""denominator"": 1, ""numerator"": 1491249016}",2017-04-03T19:50:16Z,"{""q25"": 42, ""q50"": 62, ""q75"": 112, ""q90"": 163}",True,True,0,27,2162,162,0,2000
AskPhysics / Physics,stratum-02-block-03,A/Y/early,True,2015-06-30T16:42:14Z,2015-09-03T17:56:18Z,"{""denominator"": 2038, ""numerator"": 173}",173,"{""denominator"": 1, ""numerator"": 1436276088}",2015-07-07T13:34:48Z,"{""q25"": 44, ""q50"": 69, ""q75"": 124, ""q90"": 143}",True,True,0,25,2038,38,0,2000
AskPhysics / Physics,stratum-02-block-03,A/Y/late,True,2016-10-27T22:14:31Z,2017-08-30T14:03:36Z,"{""denominator"": 1059, ""numerator"": 142}",284,"{""denominator"": 1, ""numerator"": 1480452923}",2016-11-29T20:55:23Z,"{""q25"": 36, ""q50"": 47, ""q75"": 72, ""q90"": 120}",True,True,0,33,2118,118,0,2000
AskPhysics / Physics,stratum-02-block-03,B/X/early,True,2014-01-27T11:05:55Z,2014-07-10T22:47:07Z,"{""denominator"": 2062, ""numerator"": 203}",203,"{""denominator"": 1, ""numerator"": 1402800900}",2014-06-15T02:55:00Z,"{""q25"": 46, ""q50"": 61, ""q75"": 149, ""q90"": 187}",True,True,0,22,2062,62,0,2000
AskPhysics / Physics,stratum-02-block-03,B/X/late,True,2017-02-20T23:46:30Z,2017-05-19T12:16:23Z,"{""denominator"": 2009, ""numerator"": 268}",268,"{""denominator"": 1, ""numerator"": 1492615726}",2017-04-19T15:28:46Z,"{""q25"": 38, ""q50"": 46, ""q75"": 105, ""q90"": 171}",True,True,0,27,2009,9,0,2000
AskPhysics / Physics,stratum-02-block-03,B/Y/early,True,2011-06-25T22:37:40Z,2012-04-12T08:06:21Z,"{""denominator"": 2059, ""numerator"": 321}",321,"{""denominator"": 1, ""numerator"": 1317565594}",2011-10-02T14:26:34Z,"{""q25"": 30, ""q50"": 52, ""q75"": 75, ""q90"": 101}",True,True,0,31,2059,59,0,2000
AskPhysics / Physics,stratum-02-block-03,B/Y/late,True,2016-12-15T02:09:59Z,2017-08-07T13:20:55Z,"{""denominator"": 2127, ""numerator"": 193}",193,"{""denominator"": 1, ""numerator"": 1498780627}",2017-06-29T23:57:07Z,"{""q25"": 41, ""q50"": 51, ""q75"": 107, ""q90"": 155}",True,True,0,28,2127,127,0,2000
AskPhysics / Physics,stratum-02-block-04,A/X/early,True,2015-03-18T15:47:37Z,2015-03-20T17:34:12Z,"{""denominator"": 2145, ""numerator"": 356}",356,"{""denominator"": 1, ""numerator"": 1426709006}",2015-03-18T20:03:26Z,"{""q25"": 111, ""q50"": 216, ""q75"": 260, ""q90"": 349}",True,True,0,11,2145,145,0,2000
AskPhysics / Physics,stratum-02-block-04,A/X/late,True,2015-09-24T07:56:22Z,2016-01-18T09:15:58Z,"{""denominator"": 295, ""numerator"": 28}",196,"{""denominator"": 1, ""numerator"": 1443417932}",2015-09-28T05:25:32Z,"{""q25"": 55, ""q50"": 77, ""q75"": 141, ""q90"": 177}",True,True,0,21,2065,65,0,2000
AskPhysics / Physics,stratum-02-block-04,A/Y/early,True,2015-04-28T07:31:20Z,2015-09-10T01:27:53Z,"{""denominator"": 695, ""numerator"": 182}",546,"{""denominator"": 1, ""numerator"": 1438996150}",2015-08-08T01:09:10Z,"{""q25"": 73, ""q50"": 124, ""q75"": 274, ""q90"": 463}",True,True,0,11,2085,85,0,2000
AskPhysics / Physics,stratum-02-block-04,A/Y/late,True,2017-03-17T18:00:59Z,2017-04-14T15:58:27Z,"{""denominator"": 1049, ""numerator"": 265}",530,"{""denominator"": 1, ""numerator"": 1489800928}",2017-03-18T01:35:28Z,"{""q25"": 87, ""q50"": 120, ""q75"": 396, ""q90"": 530}",True,True,0,9,2098,98,0,2000
AskPhysics / Physics,stratum-02-block-04,B/X/early,True,2013-12-24T15:08:30Z,2014-01-09T05:13:33Z,"{""denominator"": 2089, ""numerator"": 457}",457,"{""denominator"": 1, ""numerator"": 1388764657}",2014-01-03T15:57:37Z,"{""q25"": 79, ""q50"": 129, ""q75"": 287, ""q90"": 370}",True,True,0,10,2089,89,0,2000
AskPhysics / Physics,stratum-02-block-04,B/X/late,True,2017-03-26T13:19:53Z,2017-04-10T18:40:09Z,"{""denominator"": 2237, ""numerator"": 471}",471,"{""denominator"": 1, ""numerator"": 1491256664}",2017-04-03T21:57:44Z,"{""q25"": 84, ""q50"": 144, ""q75"": 413, ""q90"": 435}",True,True,0,11,2237,237,0,2000
AskPhysics / Physics,stratum-02-block-04,B/Y/early,True,2011-09-22T04:04:19Z,2011-12-28T23:54:56Z,"{""denominator"": 205, ""numerator"": 53}",530,"{""denominator"": 1, ""numerator"": 1318610535}",2011-10-14T16:42:15Z,"{""q25"": 151, ""q50"": 183, ""q75"": 287, ""q90"": 530}",True,True,0,9,2050,50,0,2000
AskPhysics / Physics,stratum-02-block-04,B/Y/late,True,2017-02-28T14:51:59Z,2017-06-20T19:54:20Z,"{""denominator"": 2322, ""numerator"": 899}",899,"{""denominator"": 2, ""numerator"": 2986488777}",2017-04-26T22:06:28.500000Z,"{""q25"": 62, ""q50"": 85, ""q75"": 405, ""q90"": 899}",True,True,0,8,2322,322,0,2000
AskPhysics / Physics,stratum-02-block-05,A/X/early,True,2012-12-13T06:45:02Z,2014-09-06T02:15:15Z,"{""denominator"": 677, ""numerator"": 127}",381,"{""denominator"": 2, ""numerator"": 2800722789}",2014-05-17T21:16:34.500000Z,"{""q25"": 45, ""q50"": 96, ""q75"": 133, ""q90"": 251}",True,True,0,18,2031,31,0,2000
AskPhysics / Physics,stratum-02-block-05,A/X/late,True,2017-01-02T22:05:31Z,2017-08-04T21:35:06Z,"{""denominator"": 2069, ""numerator"": 507}",507,"{""denominator"": 1, ""numerator"": 1486769446}",2017-02-10T23:30:46Z,"{""q25"": 79, ""q50"": 111, ""q75"": 135, ""q90"": 247}",True,True,0,15,2069,69,0,2000
AskPhysics / Physics,stratum-02-block-05,A/Y/early,True,2012-11-02T00:59:33Z,2013-01-17T09:45:53Z,"{""denominator"": 2010, ""numerator"": 167}",167,"{""denominator"": 1, ""numerator"": 1354679869}",2012-12-05T03:57:49Z,"{""q25"": 28, ""q50"": 41, ""q75"": 65, ""q90"": 106}",True,True,0,38,2010,10,0,2000
AskPhysics / Physics,stratum-02-block-05,A/Y/late,True,2017-03-09T20:06:59Z,2017-05-04T17:10:56Z,"{""denominator"": 2131, ""numerator"": 397}",397,"{""denominator"": 1, ""numerator"": 1490082618}",2017-03-21T07:50:18Z,"{""q25"": 34, ""q50"": 75, ""q75"": 155, ""q90"": 284}",True,True,0,19,2131,131,0,2000
AskPhysics / Physics,stratum-02-block-05,B/X/early,True,2013-08-07T19:53:28Z,2014-02-07T01:51:04Z,"{""denominator"": 2140, ""numerator"": 377}",377,"{""denominator"": 1, ""numerator"": 1377976677}",2013-08-31T19:17:57Z,"{""q25"": 37, ""q50"": 77, ""q75"": 144, ""q90"": 182}",True,True,0,20,2140,140,0,2000
AskPhysics / Physics,stratum-02-block-05,B/X/late,True,2016-09-24T00:00:43Z,2017-07-03T22:10:30Z,"{""denominator"": 404, ""numerator"": 115}",575,"{""denominator"": 2, ""numerator"": 2974308441}",2017-02-15T10:23:40.500000Z,"{""q25"": 64, ""q50"": 108, ""q75"": 151, ""q90"": 248}",True,True,0,14,2020,20,0,2000
AskPhysics / Physics,stratum-02-block-05,B/Y/early,True,2011-09-08T03:51:01Z,2012-09-10T15:04:43Z,"{""denominator"": 679, ""numerator"": 69}",207,"{""denominator"": 1, ""numerator"": 1334365018}",2012-04-14T00:56:58Z,"{""q25"": 34, ""q50"": 42, ""q75"": 94, ""q90"": 155}",True,True,0,29,2037,37,0,2000
AskPhysics / Physics,stratum-02-block-05,B/Y/late,True,2016-02-10T00:15:21Z,2018-05-15T20:32:39Z,"{""denominator"": 2028, ""numerator"": 277}",277,"{""denominator"": 1, ""numerator"": 1486490195}",2017-02-07T17:56:35Z,"{""q25"": 49, ""q50"": 113, ""q75"": 145, ""q90"": 242}",True,True,0,19,2028,28,0,2000
AskPhysics / Physics,stratum-02-block-06,A/X/early,True,2013-06-21T04:41:28Z,2013-07-08T06:24:47Z,"{""denominator"": 2136, ""numerator"": 331}",331,"{""denominator"": 1, ""numerator"": 1372341883}",2013-06-27T14:04:43Z,"{""q25"": 33, ""q50"": 79, ""q75"": 146, ""q90"": 200}",True,True,0,21,2136,136,0,2000
AskPhysics / Physics,stratum-02-block-06,A/X/late,True,2017-03-17T04:43:53Z,2017-04-25T12:14:07Z,"{""denominator"": 2127, ""numerator"": 301}",301,"{""denominator"": 1, ""numerator"": 1490832001}",2017-03-30T00:00:01Z,"{""q25"": 50, ""q50"": 65, ""q75"": 119, ""q90"": 254}",True,True,0,21,2127,127,0,2000
AskPhysics / Physics,stratum-02-block-06,A/Y/early,True,2013-06-20T21:24:34Z,2013-07-04T05:35:56Z,"{""denominator"": 155, ""numerator"": 29}",435,"{""denominator"": 1, ""numerator"": 1371788007}",2013-06-21T04:13:27Z,"{""q25"": 186, ""q50"": 223, ""q75"": 403, ""q90"": 435}",True,True,0,8,2325,325,0,2000
AskPhysics / Physics,stratum-02-block-06,A/Y/late,True,2017-01-04T00:51:45Z,2017-09-01T21:43:08Z,"{""denominator"": 1037, ""numerator"": 106}",212,"{""denominator"": 1, ""numerator"": 1496802506}",2017-06-07T02:28:26Z,"{""q25"": 40, ""q50"": 72, ""q75"": 109, ""q90"": 127}",True,True,0,27,2074,74,0,2000
AskPhysics / Physics,stratum-02-block-06,B/X/early,True,2013-09-27T17:18:27Z,2013-12-04T08:12:34Z,"{""denominator"": 402, ""numerator"": 35}",175,"{""denominator"": 1, ""numerator"": 1383749173}",2013-11-06T14:46:13Z,"{""q25"": 38, ""q50"": 74, ""q75"": 111, ""q90"": 159}",True,True,0,24,2010,10,0,2000
AskPhysics / Physics,stratum-02-block-06,B/X/late,True,2016-06-08T07:28:43Z,2016-09-20T13:59:44Z,"{""denominator"": 2113, ""numerator"": 342}",342,"{""denominator"": 1, ""numerator"": 1467637469}",2016-07-04T13:04:29Z,"{""q25"": 39, ""q50"": 55, ""q75"": 102, ""q90"": 117}",True,True,0,29,2113,113,0,2000
AskPhysics / Physics,stratum-02-block-06,B/Y/early,True,2013-08-11T20:22:26Z,2014-08-13T21:26:30Z,"{""denominator"": 2165, ""numerator"": 409}",409,"{""denominator"": 1, ""numerator"": 1402617832}",2014-06-13T00:03:52Z,"{""q25"": 46, ""q50"": 87, ""q75"": 87, ""q90"": 192}",True,True,0,21,2165,165,0,2000
AskPhysics / Physics,stratum-02-block-06,B/Y/late,True,2016-11-04T15:19:00Z,2017-12-08T10:51:47Z,"{""denominator"": 2011, ""numerator"": 277}",277,"{""denominator"": 2, ""numerator"": 2997573753}",2017-06-30T01:41:16.500000Z,"{""q25"": 33, ""q50"": 58, ""q75"": 150, ""q90"": 176}",True,True,0,22,2011,11,0,2000
AskPhysics / Physics,stratum-02-block-07,A/X/early,True,2014-07-05T08:20:11Z,2014-09-26T00:05:43Z,"{""denominator"": 2018, ""numerator"": 145}",145,"{""denominator"": 1, ""numerator"": 1408712671}",2014-08-22T13:04:31Z,"{""q25"": 32, ""q50"": 47, ""q75"": 67, ""q90"": 104}",True,True,0,36,2018,18,0,2000
AskPhysics / Physics,stratum-02-block-07,A/X/late,True,2017-01-29T17:00:50Z,2017-06-22T19:24:01Z,"{""denominator"": 1036, ""numerator"": 97}",194,"{""denominator"": 1, ""numerator"": 1492044263}",2017-04-13T00:44:23Z,"{""q25"": 36, ""q50"": 48, ""q75"": 93, ""q90"": 113}",True,True,0,31,2072,72,0,2000
AskPhysics / Physics,stratum-02-block-07,A/Y/early,True,2011-03-29T00:18:23Z,2012-12-09T01:02:21Z,"{""denominator"": 2053, ""numerator"": 182}",182,"{""denominator"": 1, ""numerator"": 1330127080}",2012-02-24T23:44:40Z,"{""q25"": 27, ""q50"": 39, ""q75"": 61, ""q90"": 93}",True,True,0,41,2053,53,0,2000
AskPhysics / Physics,stratum-02-block-07,A/Y/late,True,2015-12-23T19:17:22Z,2018-08-18T02:43:07Z,"{""denominator"": 2113, ""numerator"": 154}",154,"{""denominator"": 1, ""numerator"": 1496709257}",2017-06-06T00:34:17Z,"{""q25"": 32, ""q50"": 48, ""q75"": 68, ""q90"": 87}",True,True,0,39,2113,113,0,2000
AskPhysics / Physics,stratum-02-block-07,B/X/early,True,2013-06-15T04:37:37Z,2014-06-13T19:54:59Z,"{""denominator"": 1019, ""numerator"": 65}",130,"{""denominator"": 2, ""numerator"": 2791584105}",2014-03-26T00:00:52.500000Z,"{""q25"": 30, ""q50"": 37, ""q75"": 57, ""q90"": 75}",True,True,0,44,2038,38,0,2000
AskPhysics / Physics,stratum-02-block-07,B/X/late,True,2017-03-28T02:55:12Z,2017-04-25T02:18:19Z,"{""denominator"": 2016, ""numerator"": 199}",199,"{""denominator"": 1, ""numerator"": 1492279344}",2017-04-15T18:02:24Z,"{""q25"": 24, ""q50"": 37, ""q75"": 63, ""q90"": 112}",True,True,0,39,2016,16,0,2000
AskPhysics / Physics,stratum-02-block-07,B/Y/early,True,2010-12-13T03:52:08Z,2012-09-15T07:32:10Z,"{""denominator"": 338, ""numerator"": 27}",162,"{""denominator"": 2, ""numerator"": 2674843991}",2012-05-19T10:06:35.500000Z,"{""q25"": 25, ""q50"": 38, ""q75"": 78, ""q90"": 119}",True,True,0,36,2028,28,0,2000
AskPhysics / Physics,stratum-02-block-07,B/Y/late,True,2016-09-05T17:33:53Z,2018-10-27T17:06:14Z,"{""denominator"": 2050, ""numerator"": 173}",173,"{""denominator"": 2, ""numerator"": 3039539835}",2018-02-27T22:18:37.500000Z,"{""q25"": 24, ""q50"": 30, ""q75"": 44, ""q90"": 75}",True,True,0,50,2050,50,0,2000
AskPhysics / Physics,stratum-02-block-08,A/X/early,True,2013-07-19T18:05:11Z,2014-07-23T23:31:50Z,"{""denominator"": 2041, ""numerator"": 209}",209,"{""denominator"": 1, ""numerator"": 1393969224}",2014-03-04T21:40:24Z,"{""q25"": 41, ""q50"": 66, ""q75"": 108, ""q90"": 149}",True,True,0,26,2041,41,0,2000
AskPhysics / Physics,stratum-02-block-08,A/X/late,True,2016-08-30T14:30:56Z,2017-08-15T08:56:15Z,"{""denominator"": 2077, ""numerator"": 196}",196,"{""denominator"": 1, ""numerator"": 1486308931}",2017-02-05T15:35:31Z,"{""q25"": 26, ""q50"": 47, ""q75"": 64, ""q90"": 93}",True,True,0,38,2077,77,0,2000
AskPhysics / Physics,stratum-02-block-08,A/Y/early,True,2013-06-18T21:43:00Z,2014-03-21T18:12:54Z,"{""denominator"": 2124, ""numerator"": 463}",463,"{""denominator"": 1, ""numerator"": 1386756104}",2013-12-11T10:01:44Z,"{""q25"": 30, ""q50"": 44, ""q75"": 71, ""q90"": 146}",True,True,0,27,2124,124,0,2000
AskPhysics / Physics,stratum-02-block-08,A/Y/late,True,2016-11-04T20:13:26Z,2017-10-13T07:06:35Z,"{""denominator"": 2035, ""numerator"": 348}",348,"{""denominator"": 2, ""numerator"": 2978215161}",2017-03-10T00:59:40.500000Z,"{""q25"": 29, ""q50"": 39, ""q75"": 47, ""q90"": 73}",True,True,0,40,2035,35,0,2000
AskPhysics / Physics,stratum-02-block-08,B/X/early,True,2015-02-03T14:28:08Z,2015-07-11T19:54:18Z,"{""denominator"": 2003, ""numerator"": 636}",636,"{""denominator"": 1, ""numerator"": 1432508113}",2015-05-24T22:55:13Z,"{""q25"": 25, ""q50"": 40, ""q75"": 54, ""q90"": 86}",True,True,0,31,2003,3,0,2000
AskPhysics / Physics,stratum-02-block-08,B/X/late,True,2017-03-26T14:57:13Z,2017-04-29T12:22:07Z,"{""denominator"": 193, ""numerator"": 22}",242,"{""denominator"": 1, ""numerator"": 1491762261}",2017-04-09T18:24:21Z,"{""q25"": 26, ""q50"": 39, ""q75"": 68, ""q90"": 82}",True,True,0,40,2123,123,0,2000
AskPhysics / Physics,stratum-02-block-08,B/Y/early,True,2015-02-11T00:03:43Z,2015-08-24T15:43:03Z,"{""denominator"": 2126, ""numerator"": 355}",355,"{""denominator"": 1, ""numerator"": 1438166329}",2015-07-29T10:38:49Z,"{""q25"": 24, ""q50"": 35, ""q75"": 58, ""q90"": 153}",True,True,0,35,2126,126,0,2000
AskPhysics / Physics,stratum-02-block-08,B/Y/late,True,2017-03-27T10:53:53Z,2017-04-24T09:56:28Z,"{""denominator"": 723, ""numerator"": 77}",231,"{""denominator"": 1, ""numerator"": 1491554789}",2017-04-07T08:46:29Z,"{""q25"": 24, ""q50"": 50, ""q75"": 111, ""q90"": 197}",True,True,0,28,2169,169,0,2000
AskPhysics / Physics,stratum-02-block-09,A/X/early,True,2014-05-13T21:34:20Z,2015-03-31T23:34:28Z,"{""denominator"": 2051, ""numerator"": 153}",153,"{""denominator"": 1, ""numerator"": 1415584310}",2014-11-10T01:51:50Z,"{""q25"": 27, ""q50"": 48, ""q75"": 80, ""q90"": 124}",True,True,0,35,2051,51,0,2000
AskPhysics / Physics,stratum-02-block-09,A/X/late,True,2017-02-20T13:34:32Z,2017-05-28T13:27:46Z,"{""denominator"": 2160, ""numerator"": 1223}",1223,"{""denominator"": 1, ""numerator"": 1489666120}",2017-03-16T12:08:40Z,"{""q25"": 44, ""q50"": 111, ""q75"": 153, ""q90"": 182}",True,True,0,11,2160,160,0,2000
AskPhysics / Physics,stratum-02-block-09,A/Y/early,True,2014-06-05T00:19:18Z,2015-01-03T18:23:42Z,"{""denominator"": 2199, ""numerator"": 208}",208,"{""denominator"": 2, ""numerator"": 2837140417}",2014-12-14T15:16:48.500000Z,"{""q25"": 39, ""q50"": 69, ""q75"": 139, ""q90"": 166}",True,True,0,26,2199,199,0,2000
AskPhysics / Physics,stratum-02-block-09,A/Y/late,True,2015-09-26T15:14:07Z,2018-06-20T21:53:24Z,"{""denominator"": 2018, ""numerator"": 421}",421,"{""denominator"": 1, ""numerator"": 1470608819}",2016-08-07T22:26:59Z,"{""q25"": 30, ""q50"": 50, ""q75"": 90, ""q90"": 125}",True,True,0,27,2018,18,0,2000
AskPhysics / Physics,stratum-02-block-09,B/X/early,True,2014-02-13T04:10:26Z,2014-11-07T02:53:38Z,"{""denominator"": 1007, ""numerator"": 104}",208,"{""denominator"": 1, ""numerator"": 1400798397}",2014-05-22T22:39:57Z,"{""q25"": 32, ""q50"": 48, ""q75"": 77, ""q90"": 93}",True,True,0,35,2014,14,0,2000
AskPhysics / Physics,stratum-02-block-09,B/X/late,True,2016-12-07T23:41:30Z,2017-09-08T00:47:55Z,"{""denominator"": 2049, ""numerator"": 215}",215,"{""denominator"": 1, ""numerator"": 1484962215}",2017-01-21T01:30:15Z,"{""q25"": 34, ""q50"": 55, ""q75"": 101, ""q90"": 145}",True,True,0,28,2049,49,0,2000
AskPhysics / Physics,stratum-02-block-09,B/Y/early,True,2013-02-04T21:57:56Z,2013-04-29T01:03:39Z,"{""denominator"": 678, ""numerator"": 49}",147,"{""denominator"": 1, ""numerator"": 1362885977}",2013-03-10T03:26:17Z,"{""q25"": 36, ""q50"": 64, ""q75"": 97, ""q90"": 133}",True,True,0,29,2034,34,0,2000
AskPhysics / Physics,stratum-02-block-09,B/Y/late,True,2015-10-02T22:28:57Z,2018-08-25T19:58:37Z,"{""denominator"": 2077, ""numerator"": 314}",314,"{""denominator"": 1, ""numerator"": 1473569310}",2016-09-11T04:48:30Z,"{""q25"": 25, ""q50"": 51, ""q75"": 84, ""q90"": 116}",True,True,0,32,2077,77,0,2000
AskPhysics / Physics,stratum-02-block-10,A/X/early,True,2014-01-30T21:48:07Z,2014-02-24T22:19:51Z,"{""denominator"": 2112, ""numerator"": 163}",163,"{""denominator"": 1, ""numerator"": 1392100155}",2014-02-11T06:29:15Z,"{""q25"": 44, ""q50"": 71, ""q75"": 86, ""q90"": 119}",True,True,0,29,2112,112,0,2000
AskPhysics / Physics,stratum-02-block-10,A/X/late,True,2017-04-05T21:46:46Z,2017-04-13T20:56:02Z,"{""denominator"": 65, ""numerator"": 14}",434,"{""denominator"": 1, ""numerator"": 1491956599}",2017-04-12T00:23:19Z,"{""q25"": 46, ""q50"": 171, ""q75"": 400, ""q90"": 426}",True,True,0,10,2015,15,0,2000
AskPhysics / Physics,stratum-02-block-10,A/Y/early,True,2014-01-26T00:41:20Z,2014-04-30T03:55:02Z,"{""denominator"": 2012, ""numerator"": 193}",193,"{""denominator"": 1, ""numerator"": 1396718314}",2014-04-05T17:18:34Z,"{""q25"": 59, ""q50"": 97, ""q75"": 128, ""q90"": 154}",True,True,0,20,2012,12,0,2000
AskPhysics / Physics,stratum-02-block-10,A/Y/late,True,2017-04-02T01:08:31Z,2017-05-01T02:44:46Z,"{""denominator"": 356, ""numerator"": 63}",378,"{""denominator"": 1, ""numerator"": 1493181329}",2017-04-26T04:35:29Z,"{""q25"": 52, ""q50"": 135, ""q75"": 197, ""q90"": 284}",True,True,0,15,2136,136,0,2000
AskPhysics / Physics,stratum-02-block-10,B/X/early,True,2013-04-19T01:11:40Z,2014-02-03T12:07:45Z,"{""denominator"": 111, ""numerator"": 32}",672,"{""denominator"": 1, ""numerator"": 1384645366}",2013-11-16T23:42:46Z,"{""q25"": 42, ""q50"": 111, ""q75"": 156, ""q90"": 410}",True,True,0,15,2331,331,0,2000
AskPhysics / Physics,stratum-02-block-10,B/X/late,True,2015-10-26T00:39:26Z,2016-01-26T22:11:57Z,"{""denominator"": 2087, ""numerator"": 280}",280,"{""denominator"": 1, ""numerator"": 1450853630}",2015-12-23T06:53:50Z,"{""q25"": 46, ""q50"": 93, ""q75"": 206, ""q90"": 230}",True,True,0,17,2087,87,0,2000
AskPhysics / Physics,stratum-02-block-10,B/Y/early,True,2012-10-28T07:14:37Z,2014-05-26T22:13:15Z,"{""denominator"": 684, ""numerator"": 107}",321,"{""denominator"": 2, ""numerator"": 2758472775}",2013-09-15T09:13:07.500000Z,"{""q25"": 38, ""q50"": 71, ""q75"": 136, ""q90"": 157}",True,True,0,22,2052,52,0,2000
AskPhysics / Physics,stratum-02-block-10,B/Y/late,True,2016-04-15T13:06:28Z,2018-02-09T15:54:43Z,"{""denominator"": 2025, ""numerator"": 637}",637,"{""denominator"": 1, ""numerator"": 1498101338}",2017-06-22T03:15:38Z,"{""q25"": 48, ""q50"": 77, ""q75"": 109, ""q90"": 371}",True,True,0,13,2025,25,0,2000
learnmath / math,stratum-03-block-01,A/X/early,True,2014-12-30T22:16:07Z,2016-02-26T00:38:31Z,"{""denominator"": 504, ""numerator"": 169}",845,"{""denominator"": 1, ""numerator"": 1434203681}",2015-06-13T13:54:41Z,"{""q25"": 48, ""q50"": 60, ""q75"": 140, ""q90"": 308}",True,True,0,17,2520,520,0,2000
learnmath / math,stratum-03-block-01,A/X/late,True,2017-07-08T11:06:23Z,2018-02-04T16:16:00Z,"{""denominator"": 2006, ""numerator"": 507}",507,"{""denominator"": 1, ""numerator"": 1510758832}",2017-11-15T15:13:52Z,"{""q25"": 63, ""q50"": 93, ""q75"": 154, ""q90"": 360}",True,True,0,14,2006,6,0,2000
learnmath / math,stratum-03-block-01,A/Y/early,True,2014-08-24T14:36:58Z,2015-05-16T23:55:18Z,"{""denominator"": 1266, ""numerator"": 473}",946,"{""denominator"": 1, ""numerator"": 1419567485}",2014-12-26T04:18:05Z,"{""q25"": 47, ""q50"": 53, ""q75"": 73, ""q90"": 131}",True,True,0,24,2532,532,0,2000
learnmath / math,stratum-03-block-01,A/Y/late,True,2017-03-18T12:34:28Z,2018-05-09T12:22:54Z,"{""denominator"": 187, ""numerator"": 24}",264,"{""denominator"": 1, ""numerator"": 1511782517}",2017-11-27T11:35:17Z,"{""q25"": 30, ""q50"": 82, ""q75"": 121, ""q90"": 188}",True,True,0,23,2057,57,0,2000
learnmath / math,stratum-03-block-01,B/X/early,True,2015-07-24T16:52:10Z,2015-08-26T00:14:10Z,"{""denominator"": 2002, ""numerator"": 783}",783,"{""denominator"": 2, ""numerator"": 2876093373}",2015-07-28T01:24:46.500000Z,"{""q25"": 55, ""q50"": 74, ""q75"": 103, ""q90"": 282}",True,True,0,14,2002,2,0,2000
learnmath / math,stratum-03-block-01,B/X/late,True,2017-09-12T00:05:31Z,2017-12-01T23:17:01Z,"{""denominator"": 1000, ""numerator"": 177}",354,"{""denominator"": 1, ""numerator"": 1507569023}",2017-10-09T17:10:23Z,"{""q25"": 23, ""q50"": 51, ""q75"": 230, ""q90"": 343}",True,True,0,16,2000,0,0,2000
learnmath / math,stratum-03-block-01,B/Y/early,True,2015-07-25T23:58:30Z,2015-12-12T16:38:53Z,"{""denominator"": 528, ""numerator"": 49}",196,"{""denominator"": 2, ""numerator"": 2891955077}",2015-10-27T20:25:38.500000Z,"{""q25"": 28, ""q50"": 46, ""q75"": 106, ""q90"": 161}",True,True,0,30,2112,112,0,2000
learnmath / math,stratum-03-block-01,B/Y/late,True,2017-09-11T23:42:04Z,2017-11-20T01:13:38Z,"{""denominator"": 948, ""numerator"": 373}",1119,"{""denominator"": 1, ""numerator"": 1506691501}",2017-09-29T13:25:01Z,"{""q25"": 35, ""q50"": 56, ""q75"": 130, ""q90"": 181}",True,True,0,23,2844,844,0,2000
learnmath / math,stratum-03-block-02,A/X/early,True,2014-06-12T10:32:37Z,2014-07-10T19:23:15Z,"{""denominator"": 1007, ""numerator"": 123}",246,"{""denominator"": 2, ""numerator"": 2809156251}",2014-07-05T16:35:25.500000Z,"{""q25"": 35, ""q50"": 59, ""q75"": 87, ""q90"": 103}",True,True,0,30,2014,14,0,2000
learnmath / math,stratum-03-block-02,A/X/late,True,2017-10-06T08:06:18Z,2017-10-26T17:54:39Z,"{""denominator"": 2037, ""numerator"": 283}",283,"{""denominator"": 2, ""numerator"": 3016990629}",2017-10-20T10:28:34.500000Z,"{""q25"": 62, ""q50"": 86, ""q75"": 164, ""q90"": 222}",True,True,0,18,2037,37,0,2000
learnmath / math,stratum-03-block-02,A/Y/early,True,2016-01-06T01:04:58Z,2016-07-26T19:15:08Z,"{""denominator"": 2069, ""numerator"": 617}",617,"{""denominator"": 2, ""numerator"": 2924061713}",2016-04-30T15:40:56.500000Z,"{""q25"": 27, ""q50"": 36, ""q75"": 92, ""q90"": 171}",True,True,0,24,2069,69,0,2000
learnmath / math,stratum-03-block-02,A/Y/late,True,2016-10-30T20:56:08Z,2017-08-21T19:02:54Z,"{""denominator"": 187, ""numerator"": 27}",297,"{""denominator"": 1, ""numerator"": 1490615079}",2017-03-27T11:44:39Z,"{""q25"": 39, ""q50"": 60, ""q75"": 124, ""q90"": 150}",True,True,0,25,2057,57,0,2000
learnmath / math,stratum-03-block-02,B/X/early,True,2013-12-22T18:46:47Z,2016-09-18T19:34:45Z,"{""denominator"": 2046, ""numerator"": 185}",185,"{""denominator"": 1, ""numerator"": 1466312359}",2016-06-19T04:59:19Z,"{""q25"": 26, ""q50"": 53, ""q75"": 136, ""q90"": 158}",True,True,0,27,2046,46,0,2000
learnmath / math,stratum-03-block-02,B/X/late,True,2017-07-17T05:16:27Z,2018-01-15T07:23:04Z,"{""denominator"": 2043, ""numerator"": 268}",268,"{""denominator"": 1, ""numerator"": 1513999234}",2017-12-23T03:20:34Z,"{""q25"": 56, ""q50"": 71, ""q75"": 104, ""q90"": 215}",True,True,0,23,2043,43,0,2000
learnmath / math,stratum-03-block-02,B/Y/early,True,2014-01-03T05:27:04Z,2016-08-08T07:52:10Z,"{""denominator"": 1003, ""numerator"": 155}",310,"{""denominator"": 1, ""numerator"": 1463723060}",2016-05-20T05:44:20Z,"{""q25"": 35, ""q50"": 50, ""q75"": 88, ""q90"": 177}",True,True,0,25,2006,6,0,2000
learnmath / math,stratum-03-block-02,B/Y/late,True,2017-05-03T18:29:13Z,2018-03-22T02:21:32Z,"{""denominator"": 1097, ""numerator"": 123}",246,"{""denominator"": 1, ""numerator"": 1497345742}",2017-06-13T09:22:22Z,"{""q25"": 26, ""q50"": 45, ""q75"": 96, ""q90"": 216}",True,True,0,28,2194,194,0,2000
learnmath / math,stratum-03-block-03,A/X/early,True,2011-11-05T14:04:03Z,2012-12-14T13:49:07Z,"{""denominator"": 2009, ""numerator"": 334}",334,"{""denominator"": 1, ""numerator"": 1338328782}",2012-05-29T21:59:42Z,"{""q25"": 82, ""q50"": 132, ""q75"": 173, ""q90"": 288}",True,True,0,13,2009,9,0,2000
learnmath / math,stratum-03-block-03,A/X/late,True,2017-04-01T13:20:41Z,2018-04-17T01:48:01Z,"{""denominator"": 2101, ""numerator"": 435}",435,"{""denominator"": 2, ""numerator"": 3000703947}",2017-07-18T04:26:13.500000Z,"{""q25"": 32, ""q50"": 80, ""q75"": 168, ""q90"": 413}",True,True,0,16,2101,101,0,2000
learnmath / math,stratum-03-block-03,A/Y/early,True,2012-03-16T16:50:39Z,2012-05-04T01:13:23Z,"{""denominator"": 2059, ""numerator"": 401}",401,"{""denominator"": 1, ""numerator"": 1334688065}",2012-04-17T18:41:05Z,"{""q25"": 48, ""q50"": 130, ""q75"": 260, ""q90"": 325}",True,True,0,12,2059,59,0,2000
learnmath / math,stratum-03-block-03,A/Y/late,True,2016-12-01T04:45:21Z,2018-08-05T03:53:25Z,"{""denominator"": 1042, ""numerator"": 405}",810,"{""denominator"": 1, ""numerator"": 1486740111}",2017-02-10T15:21:51Z,"{""q25"": 58, ""q50"": 72, ""q75"": 311, ""q90"": 318}",True,True,0,10,2084,84,0,2000
learnmath / math,stratum-03-block-03,B/X/early,True,2016-03-07T17:27:20Z,2016-09-20T00:25:48Z,"{""denominator"": 2041, ""numerator"": 284}",284,"{""denominator"": 2, ""numerator"": 2945969303}",2016-09-04T10:24:11.500000Z,"{""q25"": 63, ""q50"": 121, ""q75"": 150, ""q90"": 259}",True,True,0,16,2041,41,0,2000
learnmath / math,stratum-03-block-03,B/X/late,True,2016-11-26T13:54:57Z,2017-10-29T03:48:27Z,"{""denominator"": 2039, ""numerator"": 759}",759,"{""denominator"": 2, ""numerator"": 2966114117}",2016-12-30T00:17:38.500000Z,"{""q25"": 50, ""q50"": 85, ""q75"": 112, ""q90"": 320}",True,True,0,12,2039,39,0,2000
learnmath / math,stratum-03-block-03,B/Y/early,True,2016-06-26T18:32:26Z,2016-09-18T17:56:12Z,"{""denominator"": 1091, ""numerator"": 222}",444,"{""denominator"": 2, ""numerator"": 2942919709}",2016-08-17T18:50:54.500000Z,"{""q25"": 32, ""q50"": 58, ""q75"": 185, ""q90"": 443}",True,True,0,16,2182,182,0,2000
learnmath / math,stratum-03-block-03,B/Y/late,True,2016-10-06T03:16:24Z,2016-11-25T14:15:07Z,"{""denominator"": 1234, ""numerator"": 307}",614,"{""denominator"": 1, ""numerator"": 1476192954}",2016-10-11T13:35:54Z,"{""q25"": 40, ""q50"": 56, ""q75"": 162, ""q90"": 462}",True,True,0,18,2468,468,0,2000
learnmath / math,stratum-03-block-04,A/X/early,True,2015-06-23T02:19:41Z,2015-09-28T21:35:18Z,"{""denominator"": 1016, ""numerator"": 149}",298,"{""denominator"": 1, ""numerator"": 1438577342}",2015-08-03T04:49:02Z,"{""q25"": 33, ""q50"": 51, ""q75"": 112, ""q90"": 210}",True,True,0,25,2032,32,0,2000
learnmath / math,stratum-03-block-04,A/X/late,True,2017-01-02T02:57:09Z,2018-06-13T14:58:38Z,"{""denominator"": 2217, ""numerator"": 238}",238,"{""denominator"": 1, ""numerator"": 1502909594}",2017-08-16T18:53:14Z,"{""q25"": 35, ""q50"": 50, ""q75"": 66, ""q90"": 143}",True,True,0,34,2217,217,0,2000
learnmath / math,stratum-03-block-04,A/Y/early,True,2015-06-15T11:04:01Z,2015-10-08T09:11:37Z,"{""denominator"": 1033, ""numerator"": 116}",232,"{""denominator"": 2, ""numerator"": 2879552641}",2015-08-17T01:52:00.500000Z,"{""q25"": 34, ""q50"": 49, ""q75"": 112, ""q90"": 149}",True,True,0,26,2066,66,0,2000
learnmath / math,stratum-03-block-04,A/Y/late,True,2017-04-20T23:14:18Z,2018-03-24T16:30:38Z,"{""denominator"": 107, ""numerator"": 14}",266,"{""denominator"": 1, ""numerator"": 1511941670}",2017-11-29T07:47:50Z,"{""q25"": 30, ""q50"": 45, ""q75"": 93, ""q90"": 237}",True,True,0,26,2033,33,0,2000
learnmath / math,stratum-03-block-04,B/X/early,True,2016-03-07T17:52:36Z,2016-03-22T11:00:31Z,"{""denominator"": 2521, ""numerator"": 857}",857,"{""denominator"": 1, ""numerator"": 1457958914}",2016-03-14T12:35:14Z,"{""q25"": 42, ""q50"": 95, ""q75"": 224, ""q90"": 584}",True,True,0,13,2521,521,0,2000
learnmath / math,stratum-03-block-04,B/X/late,True,2016-11-19T14:04:59Z,2016-12-13T00:52:01Z,"{""denominator"": 2089, ""numerator"": 265}",265,"{""denominator"": 1, ""numerator"": 1480975532}",2016-12-05T22:05:32Z,"{""q25"": 30, ""q50"": 53, ""q75"": 72, ""q90"": 207}",True,True,0,29,2089,89,0,2000
learnmath / math,stratum-03-block-04,B/Y/early,True,2016-03-07T11:52:32Z,2016-04-08T07:29:22Z,"{""denominator"": 2183, ""numerator"": 286}",286,"{""denominator"": 1, ""numerator"": 1458603834}",2016-03-21T23:43:54Z,"{""q25"": 27, ""q50"": 55, ""q75"": 129, ""q90"": 191}",True,True,0,25,2183,183,0,2000
learnmath / math,stratum-03-block-04,B/Y/late,True,2016-11-20T11:01:43Z,2016-12-16T22:45:01Z,"{""denominator"": 162, ""numerator"": 35}",455,"{""denominator"": 1, ""numerator"": 1480545779}",2016-11-30T22:42:59Z,"{""q25"": 36, ""q50"": 53, ""q75"": 120, ""q90"": 404}",True,True,0,18,2106,106,0,2000
learnmath / math,stratum-03-block-05,A/X/early,True,2013-12-03T18:51:04Z,2014-01-23T02:46:46Z,"{""denominator"": 2010, ""numerator"": 203}",203,"{""denominator"": 1, ""numerator"": 1387807752}",2013-12-23T14:09:12Z,"{""q25"": 34, ""q50"": 49, ""q75"": 84, ""q90"": 117}",True,True,0,30,2010,10,0,2000
learnmath / math,stratum-03-block-05,A/X/late,True,2017-03-18T18:07:59Z,2018-05-18T21:26:10Z,"{""denominator"": 1011, ""numerator"": 104}",208,"{""denominator"": 2, ""numerator"": 3012570497}",2017-09-24T20:34:08.500000Z,"{""q25"": 28, ""q50"": 43, ""q75"": 64, ""q90"": 106}",True,True,0,36,2022,22,0,2000
learnmath / math,stratum-03-block-05,A/Y/early,True,2013-11-25T00:27:44Z,2013-12-22T07:22:05Z,"{""denominator"": 404, ""numerator"": 35}",175,"{""denominator"": 1, ""numerator"": 1386912953}",2013-12-13T05:35:53Z,"{""q25"": 45, ""q50"": 68, ""q75"": 92, ""q90"": 125}",True,True,0,27,2020,20,0,2000
learnmath / math,stratum-03-block-05,A/Y/late,True,2017-07-12T15:44:42Z,2018-01-23T21:35:51Z,"{""denominator"": 400, ""numerator"": 61}",305,"{""denominator"": 1, ""numerator"": 1510481500}",2017-11-12T10:11:40Z,"{""q25"": 27, ""q50"": 42, ""q75"": 65, ""q90"": 99}",True,True,0,34,2000,0,0,2000
learnmath / math,stratum-03-block-05,B/X/early,True,2014-08-15T18:25:40Z,2014-10-29T13:08:45Z,"{""denominator"": 419, ""numerator"": 35}",175,"{""denominator"": 1, ""numerator"": 1410055017}",2014-09-07T01:56:57Z,"{""q25"": 36, ""q50"": 54, ""q75"": 83, ""q90"": 103}",True,True,0,34,2095,95,0,2000
learnmath / math,stratum-03-block-05,B/X/late,True,2017-08-22T11:15:21Z,2017-12-17T21:43:13Z,"{""denominator"": 2013, ""numerator"": 133}",133,"{""denominator"": 1, ""numerator"": 1508916912}",2017-10-25T07:35:12Z,"{""q25"": 28, ""q50"": 42, ""q75"": 51, ""q90"": 79}",True,True,0,44,2013,13,0,2000
learnmath / math,stratum-03-block-05,B/Y/early,True,2014-05-21T07:25:40Z,2014-09-08T10:58:14Z,"{""denominator"": 2111, ""numerator"": 145}",145,"{""denominator"": 1, ""numerator"": 1406217720}",2014-07-24T16:02:00Z,"{""q25"": 28, ""q50"": 48, ""q75"": 65, ""q90"": 91}",True,True,0,40,2111,111,0,2000
learnmath / math,stratum-03-block-05,B/Y/late,True,2017-01-07T21:17:17Z,2018-08-17T08:42:42Z,"{""denominator"": 403, ""numerator"": 18}",90,"{""denominator"": 2, ""numerator"": 3035160353}",2018-02-02T14:02:56.500000Z,"{""q25"": 28, ""q50"": 36, ""q75"": 54, ""q90"": 68}",True,True,0,48,2015,15,0,2000
learnmath / math,stratum-03-block-06,A/X/early,True,2012-02-10T04:41:39Z,2012-08-28T15:57:26Z,"{""denominator"": 2006, ""numerator"": 403}",403,"{""denominator"": 1, ""numerator"": 1338594859}",2012-06-01T23:54:19Z,"{""q25"": 40, ""q50"": 62, ""q75"": 107, ""q90"": 131}",True,True,0,24,2006,6,0,2000
learnmath / math,stratum-03-block-06,A/X/late,True,2017-09-10T17:36:19Z,2017-12-15T16:57:53Z,"{""denominator"": 2190, ""numerator"": 227}",227,"{""denominator"": 1, ""numerator"": 1510630284}",2017-11-14T03:31:24Z,"{""q25"": 48, ""q50"": 107, ""q75"": 136, ""q90"": 154}",True,True,0,23,2190,190,0,2000
learnmath / math,stratum-03-block-06,A/Y/early,True,2011-03-10T07:05:19Z,2016-08-27T00:41:06Z,"{""denominator"": 1001, ""numerator"": 67}",134,"{""denominator"": 1, ""numerator"": 1404929196}",2014-07-09T18:06:36Z,"{""q25"": 29, ""q50"": 42, ""q75"": 60, ""q90"": 70}",True,True,0,43,2002,2,0,2000
learnmath / math,stratum-03-block-06,A/Y/late,True,2018-01-08T23:27:07Z,2018-09-19T13:57:47Z,"{""denominator"": 2241, ""numerator"": 394}",394,"{""denominator"": 1, ""numerator"": 1536342834}",2018-09-07T17:53:54Z,"{""q25"": 36, ""q50"": 55, ""q75"": 113, ""q90"": 174}",True,True,0,25,2241,241,0,2000
learnmath / math,stratum-03-block-06,B/X/early,True,2009-12-03T14:57:56Z,2016-05-12T15:29:48Z,"{""denominator"": 2009, ""numerator"": 503}",503,"{""denominator"": 2, ""numerator"": 2825406105}",2014-10-07T17:30:52.500000Z,"{""q25"": 28, ""q50"": 38, ""q75"": 71, ""q90"": 151}",True,True,0,24,2009,9,0,2000
learnmath / math,stratum-03-block-06,B/X/late,True,2016-11-03T16:11:39Z,2018-10-12T10:46:52Z,"{""denominator"": 2036, ""numerator"": 173}",173,"{""denominator"": 1, ""numerator"": 1511791426}",2017-11-27T14:03:46Z,"{""q25"": 44, ""q50"": 69, ""q75"": 85, ""q90"": 145}",True,True,0,27,2036,36,0,2000
learnmath / math,stratum-03-block-06,B/Y/early,True,2012-01-09T15:52:00Z,2012-10-17T13:32:18Z,"{""denominator"": 694, ""numerator"": 49}",147,"{""denominator"": 1, ""numerator"": 1329920119}",2012-02-22T14:15:19Z,"{""q25"": 29, ""q50"": 37, ""q75"": 65, ""q90"": 119}",True,True,0,39,2082,82,0,2000
learnmath / math,stratum-03-block-06,B/Y/late,True,2017-06-28T13:05:53Z,2018-02-06T11:07:50Z,"{""denominator"": 2005, ""numerator"": 199}",199,"{""denominator"": 1, ""numerator"": 1510143080}",2017-11-08T12:11:20Z,"{""q25"": 30, ""q50"": 37, ""q75"": 60, ""q90"": 112}",True,True,0,36,2005,5,0,2000
learnmath / math,stratum-03-block-07,A/X/early,True,2015-10-12T20:07:45Z,2015-10-13T15:49:23Z,"{""denominator"": 2008, ""numerator"": 349}",349,"{""denominator"": 1, ""numerator"": 1444689659}",2015-10-12T22:40:59Z,"{""q25"": 45, ""q50"": 114, ""q75"": 277, ""q90"": 329}",True,True,0,13,2008,8,0,2000
learnmath / math,stratum-03-block-07,A/X/late,True,2017-09-29T13:09:14Z,2017-11-21T04:32:59Z,"{""denominator"": 2030, ""numerator"": 477}",477,"{""denominator"": 2, ""numerator"": 3016240307}",2017-10-16T02:15:53.500000Z,"{""q25"": 27, ""q50"": 47, ""q75"": 91, ""q90"": 197}",True,True,0,24,2030,30,0,2000
learnmath / math,stratum-03-block-07,A/Y/early,True,2015-09-30T03:57:13Z,2015-10-13T21:15:20Z,"{""denominator"": 2058, ""numerator"": 205}",205,"{""denominator"": 2, ""numerator"": 2889371703}",2015-10-12T21:37:31.500000Z,"{""q25"": 70, ""q50"": 85, ""q75"": 137, ""q90"": 158}",True,True,0,20,2058,58,0,2000
learnmath / math,stratum-03-block-07,A/Y/late,True,2017-08-03T03:16:53Z,2018-02-26T13:37:07Z,"{""denominator"": 115, ""numerator"": 8}",144,"{""denominator"": 1, ""numerator"": 1509629150}",2017-11-02T13:25:50Z,"{""q25"": 33, ""q50"": 56, ""q75"": 101, ""q90"": 129}",True,True,0,31,2070,70,0,2000
learnmath / math,stratum-03-block-07,B/X/early,True,2016-02-16T12:52:17Z,2016-04-11T13:17:17Z,"{""denominator"": 2221, ""numerator"": 366}",366,"{""denominator"": 1, ""numerator"": 1458689323}",2016-03-22T23:28:43Z,"{""q25"": 35, ""q50"": 58, ""q75"": 84, ""q90"": 248}",True,True,0,24,2221,221,0,2000
learnmath / math,stratum-03-block-07,B/X/late,True,2017-03-27T09:25:25Z,2018-04-21T15:51:55Z,"{""denominator"": 384, ""numerator"": 67}",402,"{""denominator"": 1, ""numerator"": 1501127684}",2017-07-27T03:54:44Z,"{""q25"": 32, ""q50"": 62, ""q75"": 73, ""q90"": 219}",True,True,0,26,2304,304,0,2000
learnmath / math,stratum-03-block-07,B/Y/early,True,2016-01-04T17:58:21Z,2016-05-04T16:13:50Z,"{""denominator"": 157, ""numerator"": 22}",286,"{""denominator"": 1, ""numerator"": 1455666350}",2016-02-16T23:45:50Z,"{""q25"": 31, ""q50"": 91, ""q75"": 140, ""q90"": 183}",True,True,0,20,2041,41,0,2000
learnmath / math,stratum-03-block-07,B/Y/late,True,2017-05-12T07:32:30Z,2018-04-26T12:38:43Z,"{""denominator"": 673, ""numerator"": 74}",222,"{""denominator"": 1, ""numerator"": 1503603045}",2017-08-24T19:30:45Z,"{""q25"": 30, ""q50"": 42, ""q75"": 70, ""q90"": 104}",True,True,0,34,2019,19,0,2000
learnmath / math,stratum-03-block-08,A/X/early,True,2013-02-18T01:22:07Z,2014-04-08T17:24:38Z,"{""denominator"": 121, ""numerator"": 29}",493,"{""denominator"": 1, ""numerator"": 1392130013}",2014-02-11T14:46:53Z,"{""q25"": 40, ""q50"": 60, ""q75"": 111, ""q90"": 159}",True,True,0,22,2057,57,0,2000
learnmath / math,stratum-03-block-08,A/X/late,True,2017-05-23T04:49:47Z,2018-04-30T17:57:02Z,"{""denominator"": 2059, ""numerator"": 303}",303,"{""denominator"": 1, ""numerator"": 1513748754}",2017-12-20T05:45:54Z,"{""q25"": 31, ""q50"": 45, ""q75"": 117, ""q90"": 173}",True,True,0,27,2059,59,0,2000
learnmath / math,stratum-03-block-08,A/Y/early,True,2012-03-27T16:33:23Z,2012-07-19T18:47:35Z,"{""denominator"": 2095, ""numerator"": 409}",409,"{""denominator"": 1, ""numerator"": 1335345348}",2012-04-25T09:15:48Z,"{""q25"": 63, ""q50"": 69, ""q75"": 154, ""q90"": 206}",True,True,0,18,2095,95,0,2000
learnmath / math,stratum-03-block-08,A/Y/late,True,2017-08-28T19:26:07Z,2017-12-01T02:00:37Z,"{""denominator"": 2017, ""numerator"": 416}",416,"{""denominator"": 1, ""numerator"": 1509801303}",2017-11-04T13:15:03Z,"{""q25"": 35, ""q50"": 64, ""q75"": 145, ""q90"": 195}",True,True,0,20,2017,17,0,2000
learnmath / math,stratum-03-block-08,B/X/early,True,2012-03-15T04:22:55Z,2012-07-26T02:42:26Z,"{""denominator"": 2141, ""numerator"": 193}",193,"{""denominator"": 1, ""numerator"": 1339749996}",2012-06-15T08:46:36Z,"{""q25"": 32, ""q50"": 53, ""q75"": 67, ""q90"": 130}",True,True,0,34,2141,141,0,2000
learnmath / math,stratum-03-block-08,B/X/late,True,2017-09-06T16:36:42Z,2017-11-28T18:43:36Z,"{""denominator"": 2081, ""numerator"": 190}",190,"{""denominator"": 1, ""numerator"": 1506961314}",2017-10-02T16:21:54Z,"{""q25"": 35, ""q50"": 48, ""q75"": 99, ""q90"": 116}",True,True,0,31,2081,81,0,2000
learnmath / math,stratum-03-block-08,B/Y/early,True,2012-04-30T00:56:50Z,2012-06-20T02:02:06Z,"{""denominator"": 342, ""numerator"": 49}",294,"{""denominator"": 2, ""numerator"": 2678529533}",2012-06-09T17:59:26.500000Z,"{""q25"": 61, ""q50"": 77, ""q75"": 113, ""q90"": 124}",True,True,0,22,2052,52,0,2000
learnmath / math,stratum-03-block-08,B/Y/late,True,2017-09-01T20:33:20Z,2017-12-02T22:46:36Z,"{""denominator"": 2013, ""numerator"": 334}",334,"{""denominator"": 1, ""numerator"": 1508176584}",2017-10-16T17:56:24Z,"{""q25"": 59, ""q50"": 75, ""q75"": 163, ""q90"": 308}",True,True,0,17,2013,13,0,2000
learnmath / math,stratum-03-block-09,A/X/early,True,2015-06-17T00:31:08Z,2015-11-22T03:11:07Z,"{""denominator"": 2017, ""numerator"": 216}",216,"{""denominator"": 1, ""numerator"": 1442866840}",2015-09-21T20:20:40Z,"{""q25"": 31, ""q50"": 48, ""q75"": 86, ""q90"": 170}",True,True,0,28,2017,17,0,2000
learnmath / math,stratum-03-block-09,A/X/late,True,2017-09-03T01:47:10Z,2017-12-02T17:48:36Z,"{""denominator"": 1015, ""numerator"": 366}",732,"{""denominator"": 1, ""numerator"": 1506393276}",2017-09-26T02:34:36Z,"{""q25"": 34, ""q50"": 44, ""q75"": 113, ""q90"": 142}",True,True,0,21,2030,30,0,2000
learnmath / math,stratum-03-block-09,A/Y/early,True,2015-07-31T15:19:28Z,2015-11-06T22:19:04Z,"{""denominator"": 671, ""numerator"": 57}",171,"{""denominator"": 2, ""numerator"": 2889079275}",2015-10-11T05:00:37.500000Z,"{""q25"": 31, ""q50"": 62, ""q75"": 89, ""q90"": 124}",True,True,0,30,2013,13,0,2000
learnmath / math,stratum-03-block-09,A/Y/late,True,2017-09-21T00:23:51Z,2018-01-10T02:50:07Z,"{""denominator"": 2044, ""numerator"": 379}",379,"{""denominator"": 1, ""numerator"": 1511592167}",2017-11-25T06:42:47Z,"{""q25"": 45, ""q50"": 52, ""q75"": 260, ""q90"": 374}",True,True,0,15,2044,44,0,2000
learnmath / math,stratum-03-block-09,B/X/early,True,2012-07-07T23:29:36Z,2014-04-16T14:00:43Z,"{""denominator"": 1001, ""numerator"": 214}",428,"{""denominator"": 1, ""numerator"": 1396932910}",2014-04-08T04:55:10Z,"{""q25"": 30, ""q50"": 43, ""q75"": 180, ""q90"": 408}",True,True,0,16,2002,2,0,2000
learnmath / math,stratum-03-block-09,B/X/late,True,2017-03-02T15:07:26Z,2018-05-13T14:26:19Z,"{""denominator"": 2059, ""numerator"": 526}",526,"{""denominator"": 1, ""numerator"": 1504272355}",2017-09-01T13:25:55Z,"{""q25"": 31, ""q50"": 49, ""q75"": 102, ""q90"": 173}",True,True,0,23,2059,59,0,2000
learnmath / math,stratum-03-block-09,B/Y/early,True,2012-07-08T18:22:15Z,2013-11-17T08:13:46Z,"{""denominator"": 2037, ""numerator"": 142}",142,"{""denominator"": 1, ""numerator"": 1350697126}",2012-10-20T01:38:46Z,"{""q25"": 27, ""q50"": 42, ""q75"": 69, ""q90"": 98}",True,True,0,39,2037,37,0,2000
learnmath / math,stratum-03-block-09,B/Y/late,True,2017-08-03T14:16:41Z,2017-12-10T07:33:31Z,"{""denominator"": 2341, ""numerator"": 834}",834,"{""denominator"": 1, ""numerator"": 1506783306}",2017-09-30T14:55:06Z,"{""q25"": 36, ""q50"": 80, ""q75"": 180, ""q90"": 455}",True,True,0,15,2341,341,0,2000
learnmath / math,stratum-03-block-10,A/X/early,True,2014-12-05T02:45:49Z,2015-03-03T04:23:52Z,"{""denominator"": 335, ""numerator"": 38}",228,"{""denominator"": 1, ""numerator"": 1423489400}",2015-02-09T13:43:20Z,"{""q25"": 38, ""q50"": 76, ""q75"": 136, ""q90"": 162}",True,True,0,22,2010,10,0,2000
learnmath / math,stratum-03-block-10,A/X/late,True,2016-11-06T01:49:34Z,2018-07-13T21:40:36Z,"{""denominator"": 2020, ""numerator"": 231}",231,"{""denominator"": 1, ""numerator"": 1504905576}",2017-09-08T21:19:36Z,"{""q25"": 44, ""q50"": 59, ""q75"": 108, ""q90"": 151}",True,True,0,25,2020,20,0,2000
learnmath / math,stratum-03-block-10,A/Y/early,True,2014-02-11T02:00:26Z,2015-09-09T14:04:28Z,"{""denominator"": 506, ""numerator"": 63}",252,"{""denominator"": 1, ""numerator"": 1430582653}",2015-05-02T16:04:13Z,"{""q25"": 24, ""q50"": 36, ""q75"": 67, ""q90"": 179}",True,True,0,31,2024,24,0,2000
learnmath / math,stratum-03-block-10,A/Y/late,True,2017-02-26T23:15:14Z,2018-06-24T20:10:57Z,"{""denominator"": 182, ""numerator"": 31}",341,"{""denominator"": 1, ""numerator"": 1511042003}",2017-11-18T21:53:23Z,"{""q25"": 31, ""q50"": 39, ""q75"": 74, ""q90"": 174}",True,True,0,28,2002,2,0,2000
learnmath / math,stratum-03-block-10,B/X/early,True,2013-05-19T03:38:40Z,2014-05-10T12:38:07Z,"{""denominator"": 509, ""numerator"": 68}",272,"{""denominator"": 1, ""numerator"": 1392762066}",2014-02-18T22:21:06Z,"{""q25"": 38, ""q50"": 50, ""q75"": 115, ""q90"": 139}",True,True,0,26,2036,36,0,2000
learnmath / math,stratum-03-block-10,B/X/late,True,2017-09-30T13:27:56Z,2017-12-24T17:02:38Z,"{""denominator"": 2030, ""numerator"": 373}",373,"{""denominator"": 1, ""numerator"": 1509578277}",2017-11-01T23:17:57Z,"{""q25"": 43, ""q50"": 94, ""q75"": 142, ""q90"": 353}",True,True,0,17,2030,30,0,2000
learnmath / math,stratum-03-block-10,B/Y/early,True,2013-02-22T01:09:57Z,2014-01-03T21:07:50Z,"{""denominator"": 2177, ""numerator"": 473}",473,"{""denominator"": 1, ""numerator"": 1383472506}",2013-11-03T09:55:06Z,"{""q25"": 30, ""q50"": 44, ""q75"": 73, ""q90"": 148}",True,True,0,30,2177,177,0,2000
learnmath / math,stratum-03-block-10,B/Y/late,True,2016-11-19T03:28:42Z,2018-09-29T14:48:11Z,"{""denominator"": 25, ""numerator"": 4}",324,"{""denominator"": 1, ""numerator"": 1503231055}",2017-08-20T12:10:55Z,"{""q25"": 35, ""q50"": 54, ""q75"": 78, ""q90"": 190}",True,True,0,27,2025,25,0,2000
