stratum_id,block_id,matching_cost,early_late_gaps
AskAcademia / GradSchool,stratum-01-block-01,"{""denominator"": 91609056000, ""numerator"": 228523185971}","{""A"": {""X"": {""median_gap_seconds"": {""denominator"": 2, ""numerator"": 119917355}, ""nearest_writing_gap_seconds"": 46233872}, ""Y"": {""median_gap_seconds"": {""denominator"": 2, ""numerator"": 119056685}, ""nearest_writing_gap_seconds"": 53282471}}, ""B"": {""X"": {""median_gap_seconds"": {""denominator"": 2, ""numerator"": 156839651}, ""nearest_writing_gap_seconds"": 77265814}, ""Y"": {""median_gap_seconds"": {""denominator"": 2, ""numerator"": 153625979}, ""nearest_writing_gap_seconds"": 75940579}}}"
AskAcademia / GradSchool,stratum-01-block-02,"{""denominator"": 61072704000, ""numerator"": 108513785071}","{""A"": {""X"": {""median_gap_seconds"": {""denominator"": 2, ""numerator"": 340220943}, ""nearest_writing_gap_seconds"": 159350298}, ""Y"": {""median_gap_seconds"": {""denominator"": 2, ""numerator"": 399885803}, ""nearest_writing_gap_seconds"": 186715917}}, ""B"": {""X"": {""median_gap_seconds"": {""denominator"": 1, ""numerator"": 128923327}, ""nearest_writing_gap_seconds"": 104794280}, ""Y"": {""median_gap_seconds"": {""denominator"": 1, ""numerator"": 126565747}, ""nearest_writing_gap_seconds"": 110044005}}}"
AskAcademia / GradSchool,stratum-01-block-03,"{""denominator"": 26174016000, ""numerator"": 102155803369}","{""A"": {""X"": {""median_gap_seconds"": {""denominator"": 2, ""numerator"": 219456265}, ""nearest_writing_gap_seconds"": 82321127}, ""Y"": {""median_gap_seconds"": {""denominator"": 2, ""numerator"": 207826601}, ""nearest_writing_gap_seconds"": 75357214}}, ""B"": {""X"": {""median_gap_seconds"": {""denominator"": 1, ""numerator"": 23309987}, ""nearest_writing_gap_seconds"": 10012189}, ""Y"": {""median_gap_seconds"": {""denominator"": 2, ""numerator"": 63699553}, ""nearest_writing_gap_seconds"": 26696780}}}"
AskAcademia / GradSchool,stratum-01-block-04,"{""denominator"": 183218112000, ""numerator"": 413847855419}","{""A"": {""X"": {""median_gap_seconds"": {""denominator"": 1, ""numerator"": 84874520}, ""nearest_writing_gap_seconds"": 71112476}, ""Y"": {""median_gap_seconds"": {""denominator"": 1, ""numerator"": 78980517}, ""nearest_writing_gap_seconds"": 62092058}}, ""B"": {""X"": {""median_gap_seconds"": {""denominator"": 1, ""numerator"": 61177266}, ""nearest_writing_gap_seconds"": 33335737}, ""Y"": {""median_gap_seconds"": {""denominator"": 2, ""numerator"": 121216355}, ""nearest_writing_gap_seconds"": 54460139}}}"
AskAcademia / GradSchool,stratum-01-block-05,"{""denominator"": 183218112000, ""numerator"": 468275067163}","{""A"": {""X"": {""median_gap_seconds"": {""denominator"": 2, ""numerator"": 172738151}, ""nearest_writing_gap_seconds"": 35144313}, ""Y"": {""median_gap_seconds"": {""denominator"": 1, ""numerator"": 85453253}, ""nearest_writing_gap_seconds"": 55551012}}, ""B"": {""X"": {""median_gap_seconds"": {""denominator"": 1, ""numerator"": 98754515}, ""nearest_writing_gap_seconds"": 11574945}, ""Y"": {""median_gap_seconds"": {""denominator"": 1, ""numerator"": 90021088}, ""nearest_writing_gap_seconds"": 30567236}}}"
AskAcademia / GradSchool,stratum-01-block-06,"{""denominator"": 20357568000, ""numerator"": 55682515817}","{""A"": {""X"": {""median_gap_seconds"": {""denominator"": 1, ""numerator"": 44091081}, ""nearest_writing_gap_seconds"": 26561623}, ""Y"": {""median_gap_seconds"": {""denominator"": 2, ""numerator"": 143021445}, ""nearest_writing_gap_seconds"": 47839827}}, ""B"": {""X"": {""median_gap_seconds"": {""denominator"": 1, ""numerator"": 100353619}, ""nearest_writing_gap_seconds"": 65316280}, ""Y"": {""median_gap_seconds"": {""denominator"": 1, ""numerator"": 62130638}, ""nearest_writing_gap_seconds"": 57766584}}}"
AskAcademia / GradSchool,stratum-01-block-07,"{""denominator"": 366436224, ""numerator"": 1065592237}","{""A"": {""X"": {""median_gap_seconds"": {""denominator"": 1, ""numerator"": 92713113}, ""nearest_writing_gap_seconds"": 66120870}, ""Y"": {""median_gap_seconds"": {""denominator"": 1, ""numerator"": 69441503}, ""nearest_writing_gap_seconds"": 44416957}}, ""B"": {""X"": {""median_gap_seconds"": {""denominator"": 2, ""numerator"": 177060159}, ""nearest_writing_gap_seconds"": 52901333}, ""Y"": {""median_gap_seconds"": {""denominator"": 1, ""numerator"": 88397401}, ""nearest_writing_gap_seconds"": 46855976}}}"
AskAcademia / GradSchool,stratum-01-block-08,"{""denominator"": 183218112000, ""numerator"": 363194842963}","{""A"": {""X"": {""median_gap_seconds"": {""denominator"": 1, ""numerator"": 90785678}, ""nearest_writing_gap_seconds"": 59517011}, ""Y"": {""median_gap_seconds"": {""denominator"": 1, ""numerator"": 96897225}, ""nearest_writing_gap_seconds"": 61598462}}, ""B"": {""X"": {""median_gap_seconds"": {""denominator"": 1, ""numerator"": 47181547}, ""nearest_writing_gap_seconds"": 28241380}, ""Y"": {""median_gap_seconds"": {""denominator"": 1, ""numerator"": 38968543}, ""nearest_writing_gap_seconds"": 21750057}}}"
AskAcademia / GradSchool,stratum-01-block-09,"{""denominator"": 91609056000, ""numerator"": 266709965681}","{""A"": {""X"": {""median_gap_seconds"": {""denominator"": 1, ""numerator"": 103526267}, ""nearest_writing_gap_seconds"": 101865484}, ""Y"": {""median_gap_seconds"": {""denominator"": 1, ""numerator"": 104751870}, ""nearest_writing_gap_seconds"": 100988514}}, ""B"": {""X"": {""median_gap_seconds"": {""denominator"": 2, ""numerator"": 342340875}, ""nearest_writing_gap_seconds"": 105403323}, ""Y"": {""median_gap_seconds"": {""denominator"": 1, ""numerator"": 173845814}, ""nearest_writing_gap_seconds"": 108168476}}}"
AskAcademia / GradSchool,stratum-01-block-10,"{""denominator"": 183218112000, ""numerator"": 736789335251}","{""A"": {""X"": {""median_gap_seconds"": {""denominator"": 2, ""numerator"": 144476103}, ""nearest_writing_gap_seconds"": 45618658}, ""Y"": {""median_gap_seconds"": {""denominator"": 2, ""numerator"": 111916949}, ""nearest_writing_gap_seconds"": 27467828}}, ""B"": {""X"": {""median_gap_seconds"": {""denominator"": 2, ""numerator"": 203204315}, ""nearest_writing_gap_seconds"": 100307761}, ""Y"": {""median_gap_seconds"": {""denominator"": 1, ""numerator"": 86124740}, ""nearest_writing_gap_seconds"": 84412890}}}"
AskPhysics / Physics,stratum-02-block-01,"{""denominator"": 277173100800, ""numerator"": 692144540803}","{""A"": {""X"": {""median_gap_seconds"": {""denominator"": 1, ""numerator"": 44348837}, ""nearest_writing_gap_seconds"": 41293737}, ""Y"": {""median_gap_seconds"": {""denominator"": 1, ""numerator"": 26218476}, ""nearest_writing_gap_seconds"": 24270809}}, ""B"": {""X"": {""median_gap_seconds"": {""denominator"": 1, ""numerator"": 36695910}, ""nearest_writing_gap_seconds"": 28972964}, ""Y"": {""median_gap_seconds"": {""denominator"": 1, ""numerator"": 59421012}, ""nearest_writing_gap_seconds"": 45885061}}}"
AskPhysics / Physics,stratum-02-block-02,"{""denominator"": 692932752000, ""numerator"": 1133819628551}","{""A"": {""X"": {""median_gap_seconds"": {""denominator"": 1, ""numerator"": 96932721}, ""nearest_writing_gap_seconds"": 79168811}, ""Y"": {""median_gap_seconds"": {""denominator"": 2, ""numerator"": 284059903}, ""nearest_writing_gap_seconds"": 108530410}}, ""B"": {""X"": {""median_gap_seconds"": {""denominator"": 1, ""numerator"": 97088717}, ""nearest_writing_gap_seconds"": 92854561}, ""Y"": {""median_gap_seconds"": {""denominator"": 1, ""numerator"": 114388712}, ""nearest_writing_gap_seconds"": 92093631}}}"
AskPhysics / Physics,stratum-02-block-03,"{""denominator"": 173233188000, ""numerator"": 478571149351}","{""A"": {""X"": {""median_gap_seconds"": {""denominator"": 1, ""numerator"": 55473147}, ""nearest_writing_gap_seconds"": 49419063}, ""Y"": {""median_gap_seconds"": {""denominator"": 1, ""numerator"": 44176835}, ""nearest_writing_gap_seconds"": 36303493}}, ""B"": {""X"": {""median_gap_seconds"": {""denominator"": 1, ""numerator"": 89814826}, ""nearest_writing_gap_seconds"": 82601963}, ""Y"": {""median_gap_seconds"": {""denominator"": 1, ""numerator"": 181215033}, ""nearest_writing_gap_seconds"": 147549818}}}"
AskPhysics / Physics,stratum-02-block-04,"{""denominator"": 923910336000, ""numerator"": 2924295253781}","{""A"": {""X"": {""median_gap_seconds"": {""denominator"": 1, ""numerator"": 16708926}, ""nearest_writing_gap_seconds"": 16208530}, ""Y"": {""median_gap_seconds"": {""denominator"": 1, ""numerator"": 50804778}, ""nearest_writing_gap_seconds"": 47925186}}, ""B"": {""X"": {""median_gap_seconds"": {""denominator"": 1, ""numerator"": 102492007}, ""nearest_writing_gap_seconds"": 101289980}, ""Y"": {""median_gap_seconds"": {""denominator"": 2, ""numerator"": 349267707}, ""nearest_writing_gap_seconds"": 163177023}}}"
AskPhysics / Physics,stratum-02-block-05,"{""denominator"": 923910336000, ""numerator"": 1718254688069}","{""A"": {""X"": {""median_gap_seconds"": {""denominator"": 2, ""numerator"": 172816103}, ""nearest_writing_gap_seconds"": 73425016}, ""Y"": {""median_gap_seconds"": {""denominator"": 1, ""numerator"": 135402749}, ""nearest_writing_gap_seconds"": 130674066}}, ""B"": {""X"": {""median_gap_seconds"": {""denominator"": 2, ""numerator"": 218355087}, ""nearest_writing_gap_seconds"": 82937379}, ""Y"": {""median_gap_seconds"": {""denominator"": 1, ""numerator"": 152125177}, ""nearest_writing_gap_seconds"": 107773838}}}"
AskPhysics / Physics,stratum-02-block-06,"{""denominator"": 2771731008000, ""numerator"": 11741045712127}","{""A"": {""X"": {""median_gap_seconds"": {""denominator"": 1, ""numerator"": 118490118}, ""nearest_writing_gap_seconds"": 116461146}, ""Y"": {""median_gap_seconds"": {""denominator"": 1, ""numerator"": 125014499}, ""nearest_writing_gap_seconds"": 110574949}}, ""B"": {""X"": {""median_gap_seconds"": {""denominator"": 1, ""numerator"": 83888296}, ""nearest_writing_gap_seconds"": 79226169}, ""Y"": {""median_gap_seconds"": {""denominator"": 2, ""numerator"": 192338089}, ""nearest_writing_gap_seconds"": 70307550}}}"
AskPhysics / Physics,stratum-02-block-07,"{""denominator"": 2771731008000, ""numerator"": 12200965704461}","{""A"": {""X"": {""median_gap_seconds"": {""denominator"": 1, ""numerator"": 83331592}, ""nearest_writing_gap_seconds"": 74019307}, ""Y"": {""median_gap_seconds"": {""denominator"": 1, ""numerator"": 166582177}, ""nearest_writing_gap_seconds"": 95883301}}, ""B"": {""X"": {""median_gap_seconds"": {""denominator"": 2, ""numerator"": 192974583}, ""nearest_writing_gap_seconds"": 87980413}, ""Y"": {""median_gap_seconds"": {""denominator"": 1, ""numerator"": 182347922}, ""nearest_writing_gap_seconds"": 125402503}}}"
AskPhysics / Physics,stratum-02-block-08,"{""denominator"": 554346201600, ""numerator"": 2181163932103}","{""A"": {""X"": {""median_gap_seconds"": {""denominator"": 1, ""numerator"": 92339707}, ""nearest_writing_gap_seconds"": 66409146}, ""Y"": {""median_gap_seconds"": {""denominator"": 2, ""numerator"": 204702953}, ""nearest_writing_gap_seconds"": 82864832}}, ""B"": {""X"": {""median_gap_seconds"": {""denominator"": 1, ""numerator"": 59254148}, ""nearest_writing_gap_seconds"": 53895775}, ""Y"": {""median_gap_seconds"": {""denominator"": 1, ""numerator"": 53388460}, ""nearest_writing_gap_seconds"": 50181050}}}"
AskPhysics / Physics,stratum-02-block-09,"{""denominator"": 461955168000, ""numerator"": 1699201822523}","{""A"": {""X"": {""median_gap_seconds"": {""denominator"": 1, ""numerator"": 74081810}, ""nearest_writing_gap_seconds"": 59752804}, ""Y"": {""median_gap_seconds"": {""denominator"": 2, ""numerator"": 104077221}, ""nearest_writing_gap_seconds"": 22971025}}, ""B"": {""X"": {""median_gap_seconds"": {""denominator"": 1, ""numerator"": 84163818}, ""nearest_writing_gap_seconds"": 65825272}, ""Y"": {""median_gap_seconds"": {""denominator"": 1, ""numerator"": 110683333}, ""nearest_writing_gap_seconds"": 76627518}}}"
AskPhysics / Physics,stratum-02-block-10,"{""denominator"": 1385865504000, ""numerator"": 5427689762489}","{""A"": {""X"": {""median_gap_seconds"": {""denominator"": 1, ""numerator"": 99856444}, ""nearest_writing_gap_seconds"": 98148415}, ""Y"": {""median_gap_seconds"": {""denominator"": 1, ""numerator"": 96463015}, ""nearest_writing_gap_seconds"": 92265209}}, ""B"": {""X"": {""median_gap_seconds"": {""denominator"": 1, ""numerator"": 66208264}, ""nearest_writing_gap_seconds"": 54390701}, ""Y"": {""median_gap_seconds"": {""denominator"": 2, ""numerator"": 237729901}, ""nearest_writing_gap_seconds"": 59583193}}}"
learnmath / math,stratum-03-block-01,"{""denominator"": 69765120000, ""numerator"": 172775486581}","{""A"": {""X"": {""median_gap_seconds"": {""denominator"": 1, ""numerator"": 76555151}, ""nearest_writing_gap_seconds"": 43064872}, ""Y"": {""median_gap_seconds"": {""denominator"": 1, ""numerator"": 92215032}, ""nearest_writing_gap_seconds"": 58019950}}, ""B"": {""X"": {""median_gap_seconds"": {""denominator"": 2, ""numerator"": 139044673}, ""nearest_writing_gap_seconds"": 64626681}, ""Y"": {""median_gap_seconds"": {""denominator"": 2, ""numerator"": 121427925}, ""nearest_writing_gap_seconds"": 55234991}}}"
learnmath / math,stratum-03-block-02,"{""denominator"": 69765120000, ""numerator"": 142004554883}","{""A"": {""X"": {""median_gap_seconds"": {""denominator"": 1, ""numerator"": 103917189}, ""nearest_writing_gap_seconds"": 102256983}, ""Y"": {""median_gap_seconds"": {""denominator"": 2, ""numerator"": 57168445}, ""nearest_writing_gap_seconds"": 8300460}}, ""B"": {""X"": {""median_gap_seconds"": {""denominator"": 1, ""numerator"": 47686875}, ""nearest_writing_gap_seconds"": 26041302}, ""Y"": {""median_gap_seconds"": {""denominator"": 1, ""numerator"": 33622682}, ""nearest_writing_gap_seconds"": 23193423}}}"
learnmath / math,stratum-03-block-03,"{""denominator"": 209295360000, ""numerator"": 854535103943}","{""A"": {""X"": {""median_gap_seconds"": {""denominator"": 2, ""numerator"": 324046383}, ""nearest_writing_gap_seconds"": 135559894}, ""Y"": {""median_gap_seconds"": {""denominator"": 1, ""numerator"": 152052046}, ""nearest_writing_gap_seconds"": 144473518}}, ""B"": {""X"": {""median_gap_seconds"": {""denominator"": 1, ""numerator"": 10072407}, ""nearest_writing_gap_seconds"": 5837349}, ""Y"": {""median_gap_seconds"": {""denominator"": 2, ""numerator"": 9466199}, ""nearest_writing_gap_seconds"": 1502412}}}"
learnmath / math,stratum-03-block-04,"{""denominator"": 418590720000, ""numerator"": 1928481450167}","{""A"": {""X"": {""median_gap_seconds"": {""denominator"": 1, ""numerator"": 64332252}, ""nearest_writing_gap_seconds"": 39849711}, ""Y"": {""median_gap_seconds"": {""denominator"": 2, ""numerator"": 144330699}, ""nearest_writing_gap_seconds"": 48434561}}, ""B"": {""X"": {""median_gap_seconds"": {""denominator"": 1, ""numerator"": 23016618}, ""nearest_writing_gap_seconds"": 20919868}, ""Y"": {""median_gap_seconds"": {""denominator"": 1, ""numerator"": 21941945}, ""nearest_writing_gap_seconds"": 19539141}}}"
learnmath / math,stratum-03-block-05,"{""denominator"": 6540480000, ""numerator"": 34494887257}","{""A"": {""X"": {""median_gap_seconds"": {""denominator"": 2, ""numerator"": 236954993}, ""nearest_writing_gap_seconds"": 99415273}, ""Y"": {""median_gap_seconds"": {""denominator"": 1, ""numerator"": 123568547}, ""nearest_writing_gap_seconds"": 112177357}}, ""B"": {""X"": {""median_gap_seconds"": {""denominator"": 1, ""numerator"": 98861895}, ""nearest_writing_gap_seconds"": 88812396}, ""Y"": {""median_gap_seconds"": {""denominator"": 2, ""numerator"": 222724913}, ""nearest_writing_gap_seconds"": 73649943}}}"
learnmath / math,stratum-03-block-06,"{""denominator"": 418590720000, ""numerator"": 1494022947217}","{""A"": {""X"": {""median_gap_seconds"": {""denominator"": 1, ""numerator"": 172035425}, ""nearest_writing_gap_seconds"": 158895533}, ""Y"": {""median_gap_seconds"": {""denominator"": 1, ""numerator"": 131413638}, ""nearest_writing_gap_seconds"": 43195561}}, ""B"": {""X"": {""median_gap_seconds"": {""denominator"": 2, ""numerator"": 198176747}, ""nearest_writing_gap_seconds"": 15122511}, ""Y"": {""median_gap_seconds"": {""denominator"": 1, ""numerator"": 180222961}, ""nearest_writing_gap_seconds"": 148174415}}}"
learnmath / math,stratum-03-block-07,"{""denominator"": 372080640, ""numerator"": 955092629}","{""A"": {""X"": {""median_gap_seconds"": {""denominator"": 2, ""numerator"": 126860989}, ""nearest_writing_gap_seconds"": 61939191}, ""Y"": {""median_gap_seconds"": {""denominator"": 2, ""numerator"": 129886597}, ""nearest_writing_gap_seconds"": 56959293}}, ""B"": {""X"": {""median_gap_seconds"": {""denominator"": 1, ""numerator"": 42438361}, ""nearest_writing_gap_seconds"": 30226088}, ""Y"": {""median_gap_seconds"": {""denominator"": 1, ""numerator"": 47936695}, ""nearest_writing_gap_seconds"": 32195920}}}"
learnmath / math,stratum-03-block-08,"{""denominator"": 15503360000, ""numerator"": 50909099001}","{""A"": {""X"": {""median_gap_seconds"": {""denominator"": 1, ""numerator"": 121618741}, ""nearest_writing_gap_seconds"": 98537109}, ""Y"": {""median_gap_seconds"": {""denominator"": 1, ""numerator"": 174455955}, ""nearest_writing_gap_seconds"": 161224712}}, ""B"": {""X"": {""median_gap_seconds"": {""denominator"": 1, ""numerator"": 167211318}, ""nearest_writing_gap_seconds"": 161445256}, ""Y"": {""median_gap_seconds"": {""denominator"": 2, ""numerator"": 337823635}, ""nearest_writing_gap_seconds"": 164140274}}}"
learnmath / math,stratum-03-block-09,"{""denominator"": 418590720000, ""numerator"": 1535813263631}","{""A"": {""X"": {""median_gap_seconds"": {""denominator"": 1, ""numerator"": 63526436}, ""nearest_writing_gap_seconds"": 56241363}, ""Y"": {""median_gap_seconds"": {""denominator"": 2, ""numerator"": 134105059}, ""nearest_writing_gap_seconds"": 59105087}}, ""B"": {""X"": {""median_gap_seconds"": {""denominator"": 1, ""numerator"": 107339445}, ""nearest_writing_gap_seconds"": 90810403}, ""Y"": {""median_gap_seconds"": {""denominator"": 1, ""numerator"": 156086180}, ""nearest_writing_gap_seconds"": 117093775}}}"
learnmath / math,stratum-03-block-10,"{""denominator"": 209295360000, ""numerator"": 487322838077}","{""A"": {""X"": {""median_gap_seconds"": {""denominator"": 1, ""numerator"": 81416176}, ""nearest_writing_gap_seconds"": 53040342}, ""Y"": {""median_gap_seconds"": {""denominator"": 1, ""numerator"": 80459350}, ""nearest_writing_gap_seconds"": 46343446}}, ""B"": {""X"": {""median_gap_seconds"": {""denominator"": 1, ""numerator"": 116816211}, ""nearest_writing_gap_seconds"": 107052589}, ""Y"": {""median_gap_seconds"": {""denominator"": 1, ""numerator"": 119758549}, ""nearest_writing_gap_seconds"": 90742852}}}"
