method_id,view,n,arm,stratum_id,block_id,cross,within,stress,cross_minus_within,cross_available_anchors,cross_missing_anchor_ids,cross_available_anchor_mean_secondary,within_missing_anchor_ids,stress_missing_anchor_ids
cosine_distance_v1,retained_prose,4,full,stratum-01,stratum-01-block-01,1.0,0.75,1.0,0.25,4,[],1.0,[],[]
cosine_distance_v1,retained_prose,4,full,stratum-01,stratum-01-block-02,0.75,0.75,0.75,0.0,4,[],0.75,[],[]
cosine_distance_v1,retained_prose,4,full,stratum-01,stratum-01-block-03,1.0,1.0,1.0,0.0,4,[],1.0,[],[]
cosine_distance_v1,retained_prose,4,full,stratum-01,stratum-01-block-04,0.75,0.75,0.75,0.0,4,[],0.75,[],[]
cosine_distance_v1,retained_prose,4,full,stratum-01,stratum-01-block-05,1.0,1.0,0.75,0.0,4,[],1.0,[],[]
cosine_distance_v1,retained_prose,4,full,stratum-01,stratum-01-block-06,0.75,1.0,0.75,-0.25,4,[],0.75,[],[]
cosine_distance_v1,retained_prose,4,full,stratum-01,stratum-01-block-07,1.0,1.0,1.0,0.0,4,[],1.0,[],[]
cosine_distance_v1,retained_prose,4,full,stratum-01,stratum-01-block-08,1.0,0.75,1.0,0.25,4,[],1.0,[],[]
cosine_distance_v1,retained_prose,4,full,stratum-01,stratum-01-block-09,1.0,0.75,0.75,0.25,4,[],1.0,[],[]
cosine_distance_v1,retained_prose,4,full,stratum-01,stratum-01-block-10,1.0,0.75,1.0,0.25,4,[],1.0,[],[]
cosine_distance_v1,retained_prose,4,full,stratum-02,stratum-02-block-01,1.0,1.0,0.75,0.0,4,[],1.0,[],[]
cosine_distance_v1,retained_prose,4,full,stratum-02,stratum-02-block-02,0.75,1.0,0.75,-0.25,4,[],0.75,[],[]
cosine_distance_v1,retained_prose,4,full,stratum-02,stratum-02-block-03,1.0,1.0,1.0,0.0,4,[],1.0,[],[]
cosine_distance_v1,retained_prose,4,full,stratum-02,stratum-02-block-04,0.5,0.5,0.5,0.0,4,[],0.5,[],[]
cosine_distance_v1,retained_prose,4,full,stratum-02,stratum-02-block-05,0.5,0.75,0.5,-0.25,4,[],0.5,[],[]
cosine_distance_v1,retained_prose,4,full,stratum-02,stratum-02-block-06,1.0,0.75,1.0,0.25,4,[],1.0,[],[]
cosine_distance_v1,retained_prose,4,full,stratum-02,stratum-02-block-07,0.5,1.0,0.5,-0.5,4,[],0.5,[],[]
cosine_distance_v1,retained_prose,4,full,stratum-02,stratum-02-block-08,0.75,0.75,0.5,0.0,4,[],0.75,[],[]
cosine_distance_v1,retained_prose,4,full,stratum-02,stratum-02-block-09,0.5,0.75,0.5,-0.25,4,[],0.5,[],[]
cosine_distance_v1,retained_prose,4,full,stratum-02,stratum-02-block-10,0.75,0.75,0.75,0.0,4,[],0.75,[],[]
cosine_distance_v1,retained_prose,4,full,stratum-03,stratum-03-block-01,0.75,0.75,0.75,0.0,4,[],0.75,[],[]
cosine_distance_v1,retained_prose,4,full,stratum-03,stratum-03-block-02,1.0,1.0,1.0,0.0,4,[],1.0,[],[]
cosine_distance_v1,retained_prose,4,full,stratum-03,stratum-03-block-03,0.5,0.5,0.75,0.0,4,[],0.5,[],[]
cosine_distance_v1,retained_prose,4,full,stratum-03,stratum-03-block-04,0.5,0.75,0.5,-0.25,4,[],0.5,[],[]
cosine_distance_v1,retained_prose,4,full,stratum-03,stratum-03-block-05,0.75,1.0,1.0,-0.25,4,[],0.75,[],[]
cosine_distance_v1,retained_prose,4,full,stratum-03,stratum-03-block-06,0.75,1.0,0.75,-0.25,4,[],0.75,[],[]
cosine_distance_v1,retained_prose,4,full,stratum-03,stratum-03-block-07,0.75,0.75,0.75,0.0,4,[],0.75,[],[]
cosine_distance_v1,retained_prose,4,full,stratum-03,stratum-03-block-08,0.5,0.75,0.5,-0.25,4,[],0.5,[],[]
cosine_distance_v1,retained_prose,4,full,stratum-03,stratum-03-block-09,1.0,1.0,0.5,0.0,4,[],1.0,[],[]
cosine_distance_v1,retained_prose,4,full,stratum-03,stratum-03-block-10,0.75,1.0,0.5,-0.25,4,[],0.75,[],[]
cosine_distance_v1,retained_prose,4,hash75,stratum-01,stratum-01-block-01,,,,,3,"[""A/Y""]",1.0,"[""A/Y""]","[""A/Y""]"
cosine_distance_v1,retained_prose,4,hash75,stratum-01,stratum-01-block-02,,,,,3,"[""B/X""]",1.0,"[""B/X""]","[""B/X""]"
cosine_distance_v1,retained_prose,4,hash75,stratum-01,stratum-01-block-03,1.0,1.0,1.0,0.0,4,[],1.0,[],[]
cosine_distance_v1,retained_prose,4,hash75,stratum-01,stratum-01-block-04,0.75,0.75,0.75,0.0,4,[],0.75,[],[]
cosine_distance_v1,retained_prose,4,hash75,stratum-01,stratum-01-block-05,0.75,1.0,1.0,-0.25,4,[],0.75,[],[]
cosine_distance_v1,retained_prose,4,hash75,stratum-01,stratum-01-block-06,0.5,1.0,0.5,-0.5,4,[],0.5,[],[]
cosine_distance_v1,retained_prose,4,hash75,stratum-01,stratum-01-block-07,1.0,1.0,1.0,0.0,4,[],1.0,[],[]
cosine_distance_v1,retained_prose,4,hash75,stratum-01,stratum-01-block-08,1.0,0.75,1.0,0.25,4,[],1.0,[],[]
cosine_distance_v1,retained_prose,4,hash75,stratum-01,stratum-01-block-09,0.75,0.5,0.75,0.25,4,[],0.75,[],[]
cosine_distance_v1,retained_prose,4,hash75,stratum-01,stratum-01-block-10,,,,,1,"[""A/X"",""A/Y"",""B/Y""]",1.0,"[""A/X"",""B/X"",""B/Y""]","[""A/X"",""B/Y""]"
cosine_distance_v1,retained_prose,4,hash75,stratum-02,stratum-02-block-01,,,,,2,"[""A/Y"",""B/Y""]",1.0,"[""A/X"",""B/X""]","[""A/Y"",""B/X""]"
cosine_distance_v1,retained_prose,4,hash75,stratum-02,stratum-02-block-02,0.75,1.0,1.0,-0.25,4,[],0.75,[],[]
cosine_distance_v1,retained_prose,4,hash75,stratum-02,stratum-02-block-03,0.75,0.75,0.75,0.0,4,[],0.75,[],[]
cosine_distance_v1,retained_prose,4,hash75,stratum-02,stratum-02-block-04,,,,,0,"[""A/X"",""A/Y"",""B/X"",""B/Y""]",,"[""A/X"",""A/Y"",""B/X"",""B/Y""]","[""A/X"",""A/Y"",""B/X"",""B/Y""]"
cosine_distance_v1,retained_prose,4,hash75,stratum-02,stratum-02-block-05,0.5,0.5,0.5,0.0,4,[],0.5,[],[]
cosine_distance_v1,retained_prose,4,hash75,stratum-02,stratum-02-block-06,,,,,3,"[""A/Y""]",1.0,"[""A/Y""]","[""A/Y""]"
cosine_distance_v1,retained_prose,4,hash75,stratum-02,stratum-02-block-07,0.75,1.0,0.75,-0.25,4,[],0.75,[],[]
cosine_distance_v1,retained_prose,4,hash75,stratum-02,stratum-02-block-08,0.75,0.5,0.5,0.25,4,[],0.75,[],[]
cosine_distance_v1,retained_prose,4,hash75,stratum-02,stratum-02-block-09,0.5,0.75,0.5,-0.25,4,[],0.5,[],[]
cosine_distance_v1,retained_prose,4,hash75,stratum-02,stratum-02-block-10,,,,,2,"[""A/Y"",""B/Y""]",0.5,"[""A/X"",""B/X""]","[""A/Y"",""B/X""]"
cosine_distance_v1,retained_prose,4,hash75,stratum-03,stratum-03-block-01,1.0,1.0,0.75,0.0,4,[],1.0,[],[]
cosine_distance_v1,retained_prose,4,hash75,stratum-03,stratum-03-block-02,0.75,1.0,0.75,-0.25,4,[],0.75,[],[]
cosine_distance_v1,retained_prose,4,hash75,stratum-03,stratum-03-block-03,,,,,2,"[""A/Y"",""B/Y""]",0.5,"[""A/X"",""B/X""]","[""A/Y"",""B/X""]"
cosine_distance_v1,retained_prose,4,hash75,stratum-03,stratum-03-block-04,0.5,0.75,1.0,-0.25,4,[],0.5,[],[]
cosine_distance_v1,retained_prose,4,hash75,stratum-03,stratum-03-block-05,1.0,1.0,0.75,0.0,4,[],1.0,[],[]
cosine_distance_v1,retained_prose,4,hash75,stratum-03,stratum-03-block-06,0.75,0.75,0.5,0.0,4,[],0.75,[],[]
cosine_distance_v1,retained_prose,4,hash75,stratum-03,stratum-03-block-07,0.75,0.75,0.75,0.0,4,[],0.75,[],[]
cosine_distance_v1,retained_prose,4,hash75,stratum-03,stratum-03-block-08,0.5,0.5,0.5,0.0,4,[],0.5,[],[]
cosine_distance_v1,retained_prose,4,hash75,stratum-03,stratum-03-block-09,,,,,2,"[""A/X"",""B/X""]",1.0,"[""A/Y"",""B/Y""]","[""A/Y"",""B/X""]"
cosine_distance_v1,retained_prose,4,hash75,stratum-03,stratum-03-block-10,0.75,0.75,0.5,0.0,4,[],0.75,[],[]
cosine_distance_v1,retained_prose,4,hash50,stratum-01,stratum-01-block-01,,,,,0,"[""A/X"",""A/Y"",""B/X"",""B/Y""]",,"[""A/X"",""A/Y"",""B/X"",""B/Y""]","[""A/X"",""A/Y"",""B/X"",""B/Y""]"
cosine_distance_v1,retained_prose,4,hash50,stratum-01,stratum-01-block-02,,,,,0,"[""A/X"",""A/Y"",""B/X"",""B/Y""]",,"[""A/X"",""A/Y"",""B/X"",""B/Y""]","[""A/X"",""A/Y"",""B/X"",""B/Y""]"
cosine_distance_v1,retained_prose,4,hash50,stratum-01,stratum-01-block-03,,,,,1,"[""A/X"",""B/X"",""B/Y""]",1.0,"[""A/Y"",""B/Y""]","[""A/X"",""A/Y"",""B/X"",""B/Y""]"
cosine_distance_v1,retained_prose,4,hash50,stratum-01,stratum-01-block-04,,,,,0,"[""A/X"",""A/Y"",""B/X"",""B/Y""]",,"[""A/X"",""A/Y"",""B/X"",""B/Y""]","[""A/X"",""A/Y"",""B/X"",""B/Y""]"
cosine_distance_v1,retained_prose,4,hash50,stratum-01,stratum-01-block-05,,,,,2,"[""A/X"",""B/X""]",0.5,"[""A/Y"",""B/Y""]","[""A/X"",""B/Y""]"
cosine_distance_v1,retained_prose,4,hash50,stratum-01,stratum-01-block-06,,,,,0,"[""A/X"",""A/Y"",""B/X"",""B/Y""]",,"[""A/X"",""A/Y"",""B/X"",""B/Y""]","[""A/Y"",""B/X""]"
cosine_distance_v1,retained_prose,4,hash50,stratum-01,stratum-01-block-07,,,,,0,"[""A/X"",""A/Y"",""B/X"",""B/Y""]",,"[""A/X"",""A/Y"",""B/X"",""B/Y""]","[""A/X"",""A/Y"",""B/X"",""B/Y""]"
cosine_distance_v1,retained_prose,4,hash50,stratum-01,stratum-01-block-08,,,,,2,"[""A/X"",""A/Y""]",1.0,"[""A/X"",""A/Y""]","[""A/X"",""A/Y""]"
cosine_distance_v1,retained_prose,4,hash50,stratum-01,stratum-01-block-09,,,,,0,"[""A/X"",""A/Y"",""B/X"",""B/Y""]",,"[""A/X"",""A/Y"",""B/X"",""B/Y""]","[""A/X"",""A/Y"",""B/X"",""B/Y""]"
cosine_distance_v1,retained_prose,4,hash50,stratum-01,stratum-01-block-10,,,,,0,"[""A/X"",""A/Y"",""B/X"",""B/Y""]",,"[""A/X"",""A/Y"",""B/X"",""B/Y""]","[""A/X"",""A/Y"",""B/X"",""B/Y""]"
cosine_distance_v1,retained_prose,4,hash50,stratum-02,stratum-02-block-01,,,,,0,"[""A/X"",""A/Y"",""B/X"",""B/Y""]",,"[""A/X"",""B/X"",""B/Y""]","[""A/X"",""A/Y"",""B/X"",""B/Y""]"
cosine_distance_v1,retained_prose,4,hash50,stratum-02,stratum-02-block-02,,,,,1,"[""A/X"",""A/Y"",""B/Y""]",1.0,"[""A/X"",""B/X"",""B/Y""]","[""A/X"",""A/Y"",""B/X"",""B/Y""]"
cosine_distance_v1,retained_prose,4,hash50,stratum-02,stratum-02-block-03,,,,,1,"[""A/X"",""A/Y"",""B/Y""]",0.0,"[""A/X"",""B/X"",""B/Y""]","[""A/X"",""A/Y"",""B/X"",""B/Y""]"
cosine_distance_v1,retained_prose,4,hash50,stratum-02,stratum-02-block-04,,,,,0,"[""A/X"",""A/Y"",""B/X"",""B/Y""]",,"[""A/X"",""A/Y"",""B/X"",""B/Y""]","[""A/X"",""A/Y"",""B/X"",""B/Y""]"
cosine_distance_v1,retained_prose,4,hash50,stratum-02,stratum-02-block-05,,,,,2,"[""A/X"",""B/X""]",0.5,"[""A/X"",""A/Y"",""B/X"",""B/Y""]","[""A/X"",""A/Y"",""B/X"",""B/Y""]"
cosine_distance_v1,retained_prose,4,hash50,stratum-02,stratum-02-block-06,,,,,1,"[""A/X"",""A/Y"",""B/Y""]",1.0,"[""A/X"",""A/Y"",""B/X"",""B/Y""]","[""A/X"",""A/Y"",""B/X"",""B/Y""]"
cosine_distance_v1,retained_prose,4,hash50,stratum-02,stratum-02-block-07,,,,,2,"[""A/X"",""B/X""]",1.0,"[""A/Y"",""B/Y""]","[""A/X"",""B/Y""]"
cosine_distance_v1,retained_prose,4,hash50,stratum-02,stratum-02-block-08,,,,,0,"[""A/X"",""A/Y"",""B/X"",""B/Y""]",,"[""A/X"",""A/Y"",""B/X"",""B/Y""]","[""A/X"",""B/Y""]"
cosine_distance_v1,retained_prose,4,hash50,stratum-02,stratum-02-block-09,,,,,1,"[""A/Y"",""B/X"",""B/Y""]",1.0,"[""A/X"",""B/X"",""B/Y""]","[""A/Y"",""B/X"",""B/Y""]"
cosine_distance_v1,retained_prose,4,hash50,stratum-02,stratum-02-block-10,,,,,0,"[""A/X"",""A/Y"",""B/X"",""B/Y""]",,"[""A/X"",""A/Y"",""B/X"",""B/Y""]","[""A/Y"",""B/X""]"
cosine_distance_v1,retained_prose,4,hash50,stratum-03,stratum-03-block-01,,,,,0,"[""A/X"",""A/Y"",""B/X"",""B/Y""]",,"[""A/X"",""A/Y"",""B/X"",""B/Y""]","[""A/X"",""A/Y"",""B/X"",""B/Y""]"
cosine_distance_v1,retained_prose,4,hash50,stratum-03,stratum-03-block-02,,,,,0,"[""A/X"",""A/Y"",""B/X"",""B/Y""]",,"[""A/X"",""A/Y"",""B/X"",""B/Y""]","[""A/X"",""A/Y"",""B/X"",""B/Y""]"
cosine_distance_v1,retained_prose,4,hash50,stratum-03,stratum-03-block-03,,,,,0,"[""A/X"",""A/Y"",""B/X"",""B/Y""]",,"[""A/X"",""A/Y"",""B/X"",""B/Y""]","[""A/X"",""A/Y"",""B/X"",""B/Y""]"
cosine_distance_v1,retained_prose,4,hash50,stratum-03,stratum-03-block-04,,,,,0,"[""A/X"",""A/Y"",""B/X"",""B/Y""]",,"[""A/X"",""A/Y"",""B/X"",""B/Y""]","[""A/X"",""A/Y"",""B/X"",""B/Y""]"
cosine_distance_v1,retained_prose,4,hash50,stratum-03,stratum-03-block-05,,,,,0,"[""A/X"",""A/Y"",""B/X"",""B/Y""]",,"[""A/X"",""A/Y"",""B/X"",""B/Y""]","[""A/Y"",""B/X"",""B/Y""]"
cosine_distance_v1,retained_prose,4,hash50,stratum-03,stratum-03-block-06,,,,,2,"[""A/Y"",""B/Y""]",0.5,"[""A/X"",""B/X""]","[""A/Y"",""B/X""]"
cosine_distance_v1,retained_prose,4,hash50,stratum-03,stratum-03-block-07,,,,,1,"[""A/X"",""A/Y"",""B/Y""]",0.0,"[""A/X"",""B/X"",""B/Y""]","[""A/X"",""A/Y"",""B/X"",""B/Y""]"
cosine_distance_v1,retained_prose,4,hash50,stratum-03,stratum-03-block-08,,,,,3,"[""A/X""]",0.3333333333333333,"[""A/X""]","[""A/X""]"
cosine_distance_v1,retained_prose,4,hash50,stratum-03,stratum-03-block-09,,,,,1,"[""A/X"",""A/Y"",""B/X""]",1.0,"[""A/Y"",""B/X"",""B/Y""]","[""A/X"",""A/Y"",""B/X"",""B/Y""]"
cosine_distance_v1,retained_prose,4,hash50,stratum-03,stratum-03-block-10,,,,,2,"[""A/X"",""B/X""]",0.5,"[""A/X"",""A/Y"",""B/Y""]","[""A/X"",""A/Y"",""B/X""]"
cosine_distance_v1,retained_prose,4,middle50,stratum-01,stratum-01-block-01,,,,,0,"[""A/X"",""A/Y"",""B/X"",""B/Y""]",,"[""A/X"",""A/Y"",""B/X"",""B/Y""]","[""A/X"",""A/Y"",""B/X"",""B/Y""]"
cosine_distance_v1,retained_prose,4,middle50,stratum-01,stratum-01-block-02,,,,,0,"[""A/X"",""A/Y"",""B/X"",""B/Y""]",,"[""A/Y"",""B/Y""]","[""A/X"",""A/Y"",""B/Y""]"
cosine_distance_v1,retained_prose,4,middle50,stratum-01,stratum-01-block-03,,,,,0,"[""A/X"",""A/Y"",""B/X"",""B/Y""]",,"[""A/X"",""A/Y"",""B/X"",""B/Y""]","[""A/X"",""A/Y"",""B/X"",""B/Y""]"
cosine_distance_v1,retained_prose,4,middle50,stratum-01,stratum-01-block-04,,,,,0,"[""A/X"",""A/Y"",""B/X"",""B/Y""]",,"[""A/X"",""A/Y"",""B/X"",""B/Y""]","[""A/X"",""A/Y"",""B/Y""]"
cosine_distance_v1,retained_prose,4,middle50,stratum-01,stratum-01-block-05,,,,,2,"[""A/X"",""B/X""]",1.0,"[""A/X"",""A/Y"",""B/Y""]","[""A/X"",""A/Y"",""B/X"",""B/Y""]"
cosine_distance_v1,retained_prose,4,middle50,stratum-01,stratum-01-block-06,,,,,0,"[""A/X"",""A/Y"",""B/X"",""B/Y""]",,"[""A/Y"",""B/X"",""B/Y""]","[""A/X"",""A/Y"",""B/X"",""B/Y""]"
cosine_distance_v1,retained_prose,4,middle50,stratum-01,stratum-01-block-07,,,,,0,"[""A/X"",""A/Y"",""B/X"",""B/Y""]",,"[""A/X"",""A/Y"",""B/X"",""B/Y""]","[""A/X"",""A/Y"",""B/X"",""B/Y""]"
cosine_distance_v1,retained_prose,4,middle50,stratum-01,stratum-01-block-08,,,,,3,"[""A/Y""]",1.0,"[""A/Y""]","[""A/Y""]"
cosine_distance_v1,retained_prose,4,middle50,stratum-01,stratum-01-block-09,,,,,0,"[""A/X"",""A/Y"",""B/X"",""B/Y""]",,"[""A/X"",""A/Y"",""B/X"",""B/Y""]","[""A/X"",""A/Y"",""B/X"",""B/Y""]"
cosine_distance_v1,retained_prose,4,middle50,stratum-01,stratum-01-block-10,,,,,0,"[""A/X"",""A/Y"",""B/X"",""B/Y""]",,"[""A/X"",""A/Y"",""B/X"",""B/Y""]","[""A/X"",""A/Y"",""B/X"",""B/Y""]"
cosine_distance_v1,retained_prose,4,middle50,stratum-02,stratum-02-block-01,,,,,0,"[""A/X"",""A/Y"",""B/X"",""B/Y""]",,"[""A/X"",""A/Y"",""B/X"",""B/Y""]","[""A/X"",""A/Y"",""B/X"",""B/Y""]"
cosine_distance_v1,retained_prose,4,middle50,stratum-02,stratum-02-block-02,,,,,0,"[""A/X"",""A/Y"",""B/X"",""B/Y""]",,"[""A/X"",""A/Y"",""B/X"",""B/Y""]","[""A/X"",""A/Y"",""B/X"",""B/Y""]"
cosine_distance_v1,retained_prose,4,middle50,stratum-02,stratum-02-block-03,,,,,0,"[""A/X"",""A/Y"",""B/X"",""B/Y""]",,"[""A/X"",""A/Y"",""B/X"",""B/Y""]","[""A/X"",""A/Y"",""B/X"",""B/Y""]"
cosine_distance_v1,retained_prose,4,middle50,stratum-02,stratum-02-block-04,,,,,0,"[""A/X"",""A/Y"",""B/X"",""B/Y""]",,"[""A/X"",""A/Y"",""B/X"",""B/Y""]","[""A/X"",""A/Y"",""B/X"",""B/Y""]"
cosine_distance_v1,retained_prose,4,middle50,stratum-02,stratum-02-block-05,,,,,0,"[""A/X"",""A/Y"",""B/X"",""B/Y""]",,"[""A/X"",""A/Y"",""B/X"",""B/Y""]","[""A/X"",""A/Y"",""B/X"",""B/Y""]"
cosine_distance_v1,retained_prose,4,middle50,stratum-02,stratum-02-block-06,,,,,1,"[""A/X"",""A/Y"",""B/X""]",0.0,"[""A/Y"",""B/X"",""B/Y""]","[""A/X"",""A/Y"",""B/X"",""B/Y""]"
cosine_distance_v1,retained_prose,4,middle50,stratum-02,stratum-02-block-07,,,,,1,"[""A/X"",""B/X"",""B/Y""]",1.0,"[""A/Y"",""B/Y""]","[""A/X"",""B/Y""]"
cosine_distance_v1,retained_prose,4,middle50,stratum-02,stratum-02-block-08,,,,,0,"[""A/X"",""A/Y"",""B/X"",""B/Y""]",,"[""A/X"",""A/Y"",""B/X"",""B/Y""]","[""A/X"",""A/Y"",""B/X"",""B/Y""]"
cosine_distance_v1,retained_prose,4,middle50,stratum-02,stratum-02-block-09,,,,,0,"[""A/X"",""A/Y"",""B/X"",""B/Y""]",,"[""A/X"",""A/Y"",""B/X"",""B/Y""]","[""A/X"",""A/Y"",""B/X"",""B/Y""]"
cosine_distance_v1,retained_prose,4,middle50,stratum-02,stratum-02-block-10,,,,,0,"[""A/X"",""A/Y"",""B/X"",""B/Y""]",,"[""A/X"",""A/Y"",""B/X"",""B/Y""]","[""A/X"",""A/Y"",""B/X"",""B/Y""]"
cosine_distance_v1,retained_prose,4,middle50,stratum-03,stratum-03-block-01,,,,,0,"[""A/X"",""A/Y"",""B/X"",""B/Y""]",,"[""A/X"",""A/Y"",""B/X"",""B/Y""]","[""A/X"",""A/Y"",""B/X"",""B/Y""]"
cosine_distance_v1,retained_prose,4,middle50,stratum-03,stratum-03-block-02,,,,,0,"[""A/X"",""A/Y"",""B/X"",""B/Y""]",,"[""A/X"",""A/Y"",""B/X"",""B/Y""]","[""A/X"",""A/Y"",""B/X"",""B/Y""]"
cosine_distance_v1,retained_prose,4,middle50,stratum-03,stratum-03-block-03,,,,,0,"[""A/X"",""A/Y"",""B/X"",""B/Y""]",,"[""A/X"",""A/Y"",""B/X"",""B/Y""]","[""A/X"",""A/Y"",""B/Y""]"
cosine_distance_v1,retained_prose,4,middle50,stratum-03,stratum-03-block-04,,,,,2,"[""A/X"",""B/X""]",0.5,"[""A/Y"",""B/X"",""B/Y""]","[""A/X"",""A/Y"",""B/X"",""B/Y""]"
cosine_distance_v1,retained_prose,4,middle50,stratum-03,stratum-03-block-05,,,,,2,"[""A/X"",""B/X""]",0.5,"[""A/X"",""A/Y"",""B/Y""]","[""A/X"",""A/Y"",""B/X""]"
cosine_distance_v1,retained_prose,4,middle50,stratum-03,stratum-03-block-06,,,,,2,"[""A/X"",""B/X""]",1.0,"[""A/Y"",""B/X"",""B/Y""]","[""A/Y"",""B/X""]"
cosine_distance_v1,retained_prose,4,middle50,stratum-03,stratum-03-block-07,,,,,2,"[""A/X"",""B/Y""]",1.0,"[""A/X"",""B/Y""]","[""A/X"",""B/Y""]"
cosine_distance_v1,retained_prose,4,middle50,stratum-03,stratum-03-block-08,,,,,1,"[""A/X"",""A/Y"",""B/Y""]",0.0,"[""A/X"",""B/X""]","[""A/X"",""A/Y"",""B/X""]"
cosine_distance_v1,retained_prose,4,middle50,stratum-03,stratum-03-block-09,,,,,1,"[""A/X"",""A/Y"",""B/X""]",1.0,"[""A/X"",""A/Y"",""B/Y""]","[""A/X"",""A/Y"",""B/X"",""B/Y""]"
cosine_distance_v1,retained_prose,4,middle50,stratum-03,stratum-03-block-10,,,,,1,"[""A/X"",""B/X"",""B/Y""]",1.0,"[""A/Y"",""B/Y""]","[""A/X"",""B/Y""]"
cosine_distance_v1,function_mask_v1,4,full,stratum-01,stratum-01-block-01,0.75,1.0,0.75,-0.25,4,[],0.75,[],[]
cosine_distance_v1,function_mask_v1,4,full,stratum-01,stratum-01-block-02,0.5,0.5,0.5,0.0,4,[],0.5,[],[]
cosine_distance_v1,function_mask_v1,4,full,stratum-01,stratum-01-block-03,1.0,1.0,1.0,0.0,4,[],1.0,[],[]
cosine_distance_v1,function_mask_v1,4,full,stratum-01,stratum-01-block-04,0.5,1.0,0.75,-0.5,4,[],0.5,[],[]
cosine_distance_v1,function_mask_v1,4,full,stratum-01,stratum-01-block-05,0.75,0.5,1.0,0.25,4,[],0.75,[],[]
cosine_distance_v1,function_mask_v1,4,full,stratum-01,stratum-01-block-06,0.75,0.75,0.5,0.0,4,[],0.75,[],[]
cosine_distance_v1,function_mask_v1,4,full,stratum-01,stratum-01-block-07,1.0,1.0,1.0,0.0,4,[],1.0,[],[]
cosine_distance_v1,function_mask_v1,4,full,stratum-01,stratum-01-block-08,0.75,0.75,0.75,0.0,4,[],0.75,[],[]
cosine_distance_v1,function_mask_v1,4,full,stratum-01,stratum-01-block-09,0.75,0.5,0.5,0.25,4,[],0.75,[],[]
cosine_distance_v1,function_mask_v1,4,full,stratum-01,stratum-01-block-10,0.75,0.75,0.5,0.0,4,[],0.75,[],[]
cosine_distance_v1,function_mask_v1,4,full,stratum-02,stratum-02-block-01,0.75,0.75,0.75,0.0,4,[],0.75,[],[]
cosine_distance_v1,function_mask_v1,4,full,stratum-02,stratum-02-block-02,1.0,1.0,1.0,0.0,4,[],1.0,[],[]
cosine_distance_v1,function_mask_v1,4,full,stratum-02,stratum-02-block-03,1.0,1.0,1.0,0.0,4,[],1.0,[],[]
cosine_distance_v1,function_mask_v1,4,full,stratum-02,stratum-02-block-04,0.75,1.0,0.75,-0.25,4,[],0.75,[],[]
cosine_distance_v1,function_mask_v1,4,full,stratum-02,stratum-02-block-05,1.0,0.75,0.75,0.25,4,[],1.0,[],[]
cosine_distance_v1,function_mask_v1,4,full,stratum-02,stratum-02-block-06,0.75,0.75,0.75,0.0,4,[],0.75,[],[]
cosine_distance_v1,function_mask_v1,4,full,stratum-02,stratum-02-block-07,0.75,0.75,0.5,0.0,4,[],0.75,[],[]
cosine_distance_v1,function_mask_v1,4,full,stratum-02,stratum-02-block-08,0.5,0.5,0.5,0.0,4,[],0.5,[],[]
cosine_distance_v1,function_mask_v1,4,full,stratum-02,stratum-02-block-09,0.5,0.5,0.5,0.0,4,[],0.5,[],[]
cosine_distance_v1,function_mask_v1,4,full,stratum-02,stratum-02-block-10,1.0,1.0,1.0,0.0,4,[],1.0,[],[]
cosine_distance_v1,function_mask_v1,4,full,stratum-03,stratum-03-block-01,0.5,0.75,0.5,-0.25,4,[],0.5,[],[]
cosine_distance_v1,function_mask_v1,4,full,stratum-03,stratum-03-block-02,1.0,1.0,1.0,0.0,4,[],1.0,[],[]
cosine_distance_v1,function_mask_v1,4,full,stratum-03,stratum-03-block-03,1.0,1.0,1.0,0.0,4,[],1.0,[],[]
cosine_distance_v1,function_mask_v1,4,full,stratum-03,stratum-03-block-04,0.75,0.75,0.75,0.0,4,[],0.75,[],[]
cosine_distance_v1,function_mask_v1,4,full,stratum-03,stratum-03-block-05,0.75,1.0,0.75,-0.25,4,[],0.75,[],[]
cosine_distance_v1,function_mask_v1,4,full,stratum-03,stratum-03-block-06,0.5,1.0,0.5,-0.5,4,[],0.5,[],[]
cosine_distance_v1,function_mask_v1,4,full,stratum-03,stratum-03-block-07,1.0,1.0,0.5,0.0,4,[],1.0,[],[]
cosine_distance_v1,function_mask_v1,4,full,stratum-03,stratum-03-block-08,0.75,0.75,0.75,0.0,4,[],0.75,[],[]
cosine_distance_v1,function_mask_v1,4,full,stratum-03,stratum-03-block-09,1.0,1.0,0.75,0.0,4,[],1.0,[],[]
cosine_distance_v1,function_mask_v1,4,full,stratum-03,stratum-03-block-10,0.5,1.0,0.5,-0.5,4,[],0.5,[],[]
cosine_distance_v1,function_mask_v1,4,hash75,stratum-01,stratum-01-block-01,,,,,3,"[""A/Y""]",0.6666666666666666,"[""A/Y""]","[""A/Y""]"
cosine_distance_v1,function_mask_v1,4,hash75,stratum-01,stratum-01-block-02,,,,,3,"[""B/X""]",1.0,"[""B/X""]","[""B/X""]"
cosine_distance_v1,function_mask_v1,4,hash75,stratum-01,stratum-01-block-03,1.0,1.0,1.0,0.0,4,[],1.0,[],[]
cosine_distance_v1,function_mask_v1,4,hash75,stratum-01,stratum-01-block-04,0.75,1.0,0.75,-0.25,4,[],0.75,[],[]
cosine_distance_v1,function_mask_v1,4,hash75,stratum-01,stratum-01-block-05,0.75,0.5,0.75,0.25,4,[],0.75,[],[]
cosine_distance_v1,function_mask_v1,4,hash75,stratum-01,stratum-01-block-06,0.75,0.5,0.5,0.25,4,[],0.75,[],[]
cosine_distance_v1,function_mask_v1,4,hash75,stratum-01,stratum-01-block-07,0.75,1.0,0.75,-0.25,4,[],0.75,[],[]
cosine_distance_v1,function_mask_v1,4,hash75,stratum-01,stratum-01-block-08,0.75,0.75,0.75,0.0,4,[],0.75,[],[]
cosine_distance_v1,function_mask_v1,4,hash75,stratum-01,stratum-01-block-09,0.75,0.5,0.5,0.25,4,[],0.75,[],[]
cosine_distance_v1,function_mask_v1,4,hash75,stratum-01,stratum-01-block-10,,,,,1,"[""A/X"",""A/Y"",""B/Y""]",1.0,"[""A/X"",""B/X"",""B/Y""]","[""A/X"",""B/Y""]"
cosine_distance_v1,function_mask_v1,4,hash75,stratum-02,stratum-02-block-01,,,,,2,"[""A/Y"",""B/Y""]",1.0,"[""A/X"",""B/X""]","[""A/Y"",""B/X""]"
cosine_distance_v1,function_mask_v1,4,hash75,stratum-02,stratum-02-block-02,1.0,1.0,1.0,0.0,4,[],1.0,[],[]
cosine_distance_v1,function_mask_v1,4,hash75,stratum-02,stratum-02-block-03,1.0,1.0,1.0,0.0,4,[],1.0,[],[]
cosine_distance_v1,function_mask_v1,4,hash75,stratum-02,stratum-02-block-04,,,,,0,"[""A/X"",""A/Y"",""B/X"",""B/Y""]",,"[""A/X"",""A/Y"",""B/X"",""B/Y""]","[""A/X"",""A/Y"",""B/X"",""B/Y""]"
cosine_distance_v1,function_mask_v1,4,hash75,stratum-02,stratum-02-block-05,0.75,0.5,0.5,0.25,4,[],0.75,[],[]
cosine_distance_v1,function_mask_v1,4,hash75,stratum-02,stratum-02-block-06,,,,,3,"[""A/Y""]",1.0,"[""A/Y""]","[""A/Y""]"
cosine_distance_v1,function_mask_v1,4,hash75,stratum-02,stratum-02-block-07,0.5,0.75,0.5,-0.25,4,[],0.5,[],[]
cosine_distance_v1,function_mask_v1,4,hash75,stratum-02,stratum-02-block-08,0.5,0.5,0.5,0.0,4,[],0.5,[],[]
cosine_distance_v1,function_mask_v1,4,hash75,stratum-02,stratum-02-block-09,0.5,0.5,0.5,0.0,4,[],0.5,[],[]
cosine_distance_v1,function_mask_v1,4,hash75,stratum-02,stratum-02-block-10,,,,,2,"[""A/Y"",""B/Y""]",1.0,"[""A/X"",""B/X""]","[""A/Y"",""B/X""]"
cosine_distance_v1,function_mask_v1,4,hash75,stratum-03,stratum-03-block-01,0.75,1.0,0.75,-0.25,4,[],0.75,[],[]
cosine_distance_v1,function_mask_v1,4,hash75,stratum-03,stratum-03-block-02,1.0,1.0,1.0,0.0,4,[],1.0,[],[]
cosine_distance_v1,function_mask_v1,4,hash75,stratum-03,stratum-03-block-03,,,,,2,"[""A/Y"",""B/Y""]",0.5,"[""A/X"",""B/X""]","[""A/Y"",""B/X""]"
cosine_distance_v1,function_mask_v1,4,hash75,stratum-03,stratum-03-block-04,0.5,0.75,0.75,-0.25,4,[],0.5,[],[]
cosine_distance_v1,function_mask_v1,4,hash75,stratum-03,stratum-03-block-05,0.75,1.0,1.0,-0.25,4,[],0.75,[],[]
cosine_distance_v1,function_mask_v1,4,hash75,stratum-03,stratum-03-block-06,0.25,0.75,0.25,-0.5,4,[],0.25,[],[]
cosine_distance_v1,function_mask_v1,4,hash75,stratum-03,stratum-03-block-07,1.0,1.0,0.5,0.0,4,[],1.0,[],[]
cosine_distance_v1,function_mask_v1,4,hash75,stratum-03,stratum-03-block-08,0.75,0.5,0.75,0.25,4,[],0.75,[],[]
cosine_distance_v1,function_mask_v1,4,hash75,stratum-03,stratum-03-block-09,,,,,2,"[""A/X"",""B/X""]",1.0,"[""A/Y"",""B/Y""]","[""A/Y"",""B/X""]"
cosine_distance_v1,function_mask_v1,4,hash75,stratum-03,stratum-03-block-10,0.5,0.75,0.75,-0.25,4,[],0.5,[],[]
cosine_distance_v1,function_mask_v1,4,hash50,stratum-01,stratum-01-block-01,,,,,0,"[""A/X"",""A/Y"",""B/X"",""B/Y""]",,"[""A/X"",""A/Y"",""B/X"",""B/Y""]","[""A/X"",""A/Y"",""B/X"",""B/Y""]"
cosine_distance_v1,function_mask_v1,4,hash50,stratum-01,stratum-01-block-02,,,,,0,"[""A/X"",""A/Y"",""B/X"",""B/Y""]",,"[""A/X"",""A/Y"",""B/X"",""B/Y""]","[""A/X"",""A/Y"",""B/X"",""B/Y""]"
cosine_distance_v1,function_mask_v1,4,hash50,stratum-01,stratum-01-block-03,,,,,1,"[""A/X"",""B/X"",""B/Y""]",0.0,"[""A/Y"",""B/Y""]","[""A/X"",""A/Y"",""B/X"",""B/Y""]"
cosine_distance_v1,function_mask_v1,4,hash50,stratum-01,stratum-01-block-04,,,,,0,"[""A/X"",""A/Y"",""B/X"",""B/Y""]",,"[""A/X"",""A/Y"",""B/X"",""B/Y""]","[""A/X"",""A/Y"",""B/X"",""B/Y""]"
cosine_distance_v1,function_mask_v1,4,hash50,stratum-01,stratum-01-block-05,,,,,2,"[""A/X"",""B/X""]",0.5,"[""A/Y"",""B/Y""]","[""A/X"",""B/Y""]"
cosine_distance_v1,function_mask_v1,4,hash50,stratum-01,stratum-01-block-06,,,,,0,"[""A/X"",""A/Y"",""B/X"",""B/Y""]",,"[""A/X"",""A/Y"",""B/X"",""B/Y""]","[""A/Y"",""B/X""]"
cosine_distance_v1,function_mask_v1,4,hash50,stratum-01,stratum-01-block-07,,,,,0,"[""A/X"",""A/Y"",""B/X"",""B/Y""]",,"[""A/X"",""A/Y"",""B/X"",""B/Y""]","[""A/X"",""A/Y"",""B/X"",""B/Y""]"
cosine_distance_v1,function_mask_v1,4,hash50,stratum-01,stratum-01-block-08,,,,,2,"[""A/X"",""A/Y""]",1.0,"[""A/X"",""A/Y""]","[""A/X"",""A/Y""]"
cosine_distance_v1,function_mask_v1,4,hash50,stratum-01,stratum-01-block-09,,,,,0,"[""A/X"",""A/Y"",""B/X"",""B/Y""]",,"[""A/X"",""A/Y"",""B/X"",""B/Y""]","[""A/X"",""A/Y"",""B/X"",""B/Y""]"
cosine_distance_v1,function_mask_v1,4,hash50,stratum-01,stratum-01-block-10,,,,,0,"[""A/X"",""A/Y"",""B/X"",""B/Y""]",,"[""A/X"",""A/Y"",""B/X"",""B/Y""]","[""A/X"",""A/Y"",""B/X"",""B/Y""]"
cosine_distance_v1,function_mask_v1,4,hash50,stratum-02,stratum-02-block-01,,,,,0,"[""A/X"",""A/Y"",""B/X"",""B/Y""]",,"[""A/X"",""B/X"",""B/Y""]","[""A/X"",""A/Y"",""B/X"",""B/Y""]"
cosine_distance_v1,function_mask_v1,4,hash50,stratum-02,stratum-02-block-02,,,,,1,"[""A/X"",""A/Y"",""B/Y""]",1.0,"[""A/X"",""B/X"",""B/Y""]","[""A/X"",""A/Y"",""B/X"",""B/Y""]"
cosine_distance_v1,function_mask_v1,4,hash50,stratum-02,stratum-02-block-03,,,,,1,"[""A/X"",""A/Y"",""B/Y""]",1.0,"[""A/X"",""B/X"",""B/Y""]","[""A/X"",""A/Y"",""B/X"",""B/Y""]"
cosine_distance_v1,function_mask_v1,4,hash50,stratum-02,stratum-02-block-04,,,,,0,"[""A/X"",""A/Y"",""B/X"",""B/Y""]",,"[""A/X"",""A/Y"",""B/X"",""B/Y""]","[""A/X"",""A/Y"",""B/X"",""B/Y""]"
cosine_distance_v1,function_mask_v1,4,hash50,stratum-02,stratum-02-block-05,,,,,2,"[""A/X"",""B/X""]",0.5,"[""A/X"",""A/Y"",""B/X"",""B/Y""]","[""A/X"",""A/Y"",""B/X"",""B/Y""]"
cosine_distance_v1,function_mask_v1,4,hash50,stratum-02,stratum-02-block-06,,,,,1,"[""A/X"",""A/Y"",""B/Y""]",1.0,"[""A/X"",""A/Y"",""B/X"",""B/Y""]","[""A/X"",""A/Y"",""B/X"",""B/Y""]"
cosine_distance_v1,function_mask_v1,4,hash50,stratum-02,stratum-02-block-07,,,,,2,"[""A/X"",""B/X""]",0.5,"[""A/Y"",""B/Y""]","[""A/X"",""B/Y""]"
cosine_distance_v1,function_mask_v1,4,hash50,stratum-02,stratum-02-block-08,,,,,0,"[""A/X"",""A/Y"",""B/X"",""B/Y""]",,"[""A/X"",""A/Y"",""B/X"",""B/Y""]","[""A/X"",""B/Y""]"
cosine_distance_v1,function_mask_v1,4,hash50,stratum-02,stratum-02-block-09,,,,,1,"[""A/Y"",""B/X"",""B/Y""]",0.0,"[""A/X"",""B/X"",""B/Y""]","[""A/Y"",""B/X"",""B/Y""]"
cosine_distance_v1,function_mask_v1,4,hash50,stratum-02,stratum-02-block-10,,,,,0,"[""A/X"",""A/Y"",""B/X"",""B/Y""]",,"[""A/X"",""A/Y"",""B/X"",""B/Y""]","[""A/Y"",""B/X""]"
cosine_distance_v1,function_mask_v1,4,hash50,stratum-03,stratum-03-block-01,,,,,0,"[""A/X"",""A/Y"",""B/X"",""B/Y""]",,"[""A/X"",""A/Y"",""B/X"",""B/Y""]","[""A/X"",""A/Y"",""B/X"",""B/Y""]"
cosine_distance_v1,function_mask_v1,4,hash50,stratum-03,stratum-03-block-02,,,,,0,"[""A/X"",""A/Y"",""B/X"",""B/Y""]",,"[""A/X"",""A/Y"",""B/X"",""B/Y""]","[""A/X"",""A/Y"",""B/X"",""B/Y""]"
cosine_distance_v1,function_mask_v1,4,hash50,stratum-03,stratum-03-block-03,,,,,0,"[""A/X"",""A/Y"",""B/X"",""B/Y""]",,"[""A/X"",""A/Y"",""B/X"",""B/Y""]","[""A/X"",""A/Y"",""B/X"",""B/Y""]"
cosine_distance_v1,function_mask_v1,4,hash50,stratum-03,stratum-03-block-04,,,,,0,"[""A/X"",""A/Y"",""B/X"",""B/Y""]",,"[""A/X"",""A/Y"",""B/X"",""B/Y""]","[""A/X"",""A/Y"",""B/X"",""B/Y""]"
cosine_distance_v1,function_mask_v1,4,hash50,stratum-03,stratum-03-block-05,,,,,0,"[""A/X"",""A/Y"",""B/X"",""B/Y""]",,"[""A/X"",""A/Y"",""B/X"",""B/Y""]","[""A/Y"",""B/X"",""B/Y""]"
cosine_distance_v1,function_mask_v1,4,hash50,stratum-03,stratum-03-block-06,,,,,2,"[""A/Y"",""B/Y""]",0.0,"[""A/X"",""B/X""]","[""A/Y"",""B/X""]"
cosine_distance_v1,function_mask_v1,4,hash50,stratum-03,stratum-03-block-07,,,,,1,"[""A/X"",""A/Y"",""B/Y""]",1.0,"[""A/X"",""B/X"",""B/Y""]","[""A/X"",""A/Y"",""B/X"",""B/Y""]"
cosine_distance_v1,function_mask_v1,4,hash50,stratum-03,stratum-03-block-08,,,,,3,"[""A/X""]",0.6666666666666666,"[""A/X""]","[""A/X""]"
cosine_distance_v1,function_mask_v1,4,hash50,stratum-03,stratum-03-block-09,,,,,1,"[""A/X"",""A/Y"",""B/X""]",0.0,"[""A/Y"",""B/X"",""B/Y""]","[""A/X"",""A/Y"",""B/X"",""B/Y""]"
cosine_distance_v1,function_mask_v1,4,hash50,stratum-03,stratum-03-block-10,,,,,2,"[""A/X"",""B/X""]",0.5,"[""A/X"",""A/Y"",""B/Y""]","[""A/X"",""A/Y"",""B/X""]"
cosine_distance_v1,function_mask_v1,4,middle50,stratum-01,stratum-01-block-01,,,,,0,"[""A/X"",""A/Y"",""B/X"",""B/Y""]",,"[""A/X"",""A/Y"",""B/X"",""B/Y""]","[""A/X"",""A/Y"",""B/X"",""B/Y""]"
cosine_distance_v1,function_mask_v1,4,middle50,stratum-01,stratum-01-block-02,,,,,0,"[""A/X"",""A/Y"",""B/X"",""B/Y""]",,"[""A/Y"",""B/Y""]","[""A/X"",""A/Y"",""B/Y""]"
cosine_distance_v1,function_mask_v1,4,middle50,stratum-01,stratum-01-block-03,,,,,0,"[""A/X"",""A/Y"",""B/X"",""B/Y""]",,"[""A/X"",""A/Y"",""B/X"",""B/Y""]","[""A/X"",""A/Y"",""B/X"",""B/Y""]"
cosine_distance_v1,function_mask_v1,4,middle50,stratum-01,stratum-01-block-04,,,,,0,"[""A/X"",""A/Y"",""B/X"",""B/Y""]",,"[""A/X"",""A/Y"",""B/X"",""B/Y""]","[""A/X"",""A/Y"",""B/Y""]"
cosine_distance_v1,function_mask_v1,4,middle50,stratum-01,stratum-01-block-05,,,,,2,"[""A/X"",""B/X""]",0.5,"[""A/X"",""A/Y"",""B/Y""]","[""A/X"",""A/Y"",""B/X"",""B/Y""]"
cosine_distance_v1,function_mask_v1,4,middle50,stratum-01,stratum-01-block-06,,,,,0,"[""A/X"",""A/Y"",""B/X"",""B/Y""]",,"[""A/Y"",""B/X"",""B/Y""]","[""A/X"",""A/Y"",""B/X"",""B/Y""]"
cosine_distance_v1,function_mask_v1,4,middle50,stratum-01,stratum-01-block-07,,,,,0,"[""A/X"",""A/Y"",""B/X"",""B/Y""]",,"[""A/X"",""A/Y"",""B/X"",""B/Y""]","[""A/X"",""A/Y"",""B/X"",""B/Y""]"
cosine_distance_v1,function_mask_v1,4,middle50,stratum-01,stratum-01-block-08,,,,,3,"[""A/Y""]",0.6666666666666666,"[""A/Y""]","[""A/Y""]"
cosine_distance_v1,function_mask_v1,4,middle50,stratum-01,stratum-01-block-09,,,,,0,"[""A/X"",""A/Y"",""B/X"",""B/Y""]",,"[""A/X"",""A/Y"",""B/X"",""B/Y""]","[""A/X"",""A/Y"",""B/X"",""B/Y""]"
cosine_distance_v1,function_mask_v1,4,middle50,stratum-01,stratum-01-block-10,,,,,0,"[""A/X"",""A/Y"",""B/X"",""B/Y""]",,"[""A/X"",""A/Y"",""B/X"",""B/Y""]","[""A/X"",""A/Y"",""B/X"",""B/Y""]"
cosine_distance_v1,function_mask_v1,4,middle50,stratum-02,stratum-02-block-01,,,,,0,"[""A/X"",""A/Y"",""B/X"",""B/Y""]",,"[""A/X"",""A/Y"",""B/X"",""B/Y""]","[""A/X"",""A/Y"",""B/X"",""B/Y""]"
cosine_distance_v1,function_mask_v1,4,middle50,stratum-02,stratum-02-block-02,,,,,0,"[""A/X"",""A/Y"",""B/X"",""B/Y""]",,"[""A/X"",""A/Y"",""B/X"",""B/Y""]","[""A/X"",""A/Y"",""B/X"",""B/Y""]"
cosine_distance_v1,function_mask_v1,4,middle50,stratum-02,stratum-02-block-03,,,,,0,"[""A/X"",""A/Y"",""B/X"",""B/Y""]",,"[""A/X"",""A/Y"",""B/X"",""B/Y""]","[""A/X"",""A/Y"",""B/X"",""B/Y""]"
cosine_distance_v1,function_mask_v1,4,middle50,stratum-02,stratum-02-block-04,,,,,0,"[""A/X"",""A/Y"",""B/X"",""B/Y""]",,"[""A/X"",""A/Y"",""B/X"",""B/Y""]","[""A/X"",""A/Y"",""B/X"",""B/Y""]"
cosine_distance_v1,function_mask_v1,4,middle50,stratum-02,stratum-02-block-05,,,,,0,"[""A/X"",""A/Y"",""B/X"",""B/Y""]",,"[""A/X"",""A/Y"",""B/X"",""B/Y""]","[""A/X"",""A/Y"",""B/X"",""B/Y""]"
cosine_distance_v1,function_mask_v1,4,middle50,stratum-02,stratum-02-block-06,,,,,1,"[""A/X"",""A/Y"",""B/X""]",1.0,"[""A/Y"",""B/X"",""B/Y""]","[""A/X"",""A/Y"",""B/X"",""B/Y""]"
cosine_distance_v1,function_mask_v1,4,middle50,stratum-02,stratum-02-block-07,,,,,1,"[""A/X"",""B/X"",""B/Y""]",1.0,"[""A/Y"",""B/Y""]","[""A/X"",""B/Y""]"
cosine_distance_v1,function_mask_v1,4,middle50,stratum-02,stratum-02-block-08,,,,,0,"[""A/X"",""A/Y"",""B/X"",""B/Y""]",,"[""A/X"",""A/Y"",""B/X"",""B/Y""]","[""A/X"",""A/Y"",""B/X"",""B/Y""]"
cosine_distance_v1,function_mask_v1,4,middle50,stratum-02,stratum-02-block-09,,,,,0,"[""A/X"",""A/Y"",""B/X"",""B/Y""]",,"[""A/X"",""A/Y"",""B/X"",""B/Y""]","[""A/X"",""A/Y"",""B/X"",""B/Y""]"
cosine_distance_v1,function_mask_v1,4,middle50,stratum-02,stratum-02-block-10,,,,,0,"[""A/X"",""A/Y"",""B/X"",""B/Y""]",,"[""A/X"",""A/Y"",""B/X"",""B/Y""]","[""A/X"",""A/Y"",""B/X"",""B/Y""]"
cosine_distance_v1,function_mask_v1,4,middle50,stratum-03,stratum-03-block-01,,,,,0,"[""A/X"",""A/Y"",""B/X"",""B/Y""]",,"[""A/X"",""A/Y"",""B/X"",""B/Y""]","[""A/X"",""A/Y"",""B/X"",""B/Y""]"
cosine_distance_v1,function_mask_v1,4,middle50,stratum-03,stratum-03-block-02,,,,,0,"[""A/X"",""A/Y"",""B/X"",""B/Y""]",,"[""A/X"",""A/Y"",""B/X"",""B/Y""]","[""A/X"",""A/Y"",""B/X"",""B/Y""]"
cosine_distance_v1,function_mask_v1,4,middle50,stratum-03,stratum-03-block-03,,,,,0,"[""A/X"",""A/Y"",""B/X"",""B/Y""]",,"[""A/X"",""A/Y"",""B/X"",""B/Y""]","[""A/X"",""A/Y"",""B/Y""]"
cosine_distance_v1,function_mask_v1,4,middle50,stratum-03,stratum-03-block-04,,,,,2,"[""A/X"",""B/X""]",0.5,"[""A/Y"",""B/X"",""B/Y""]","[""A/X"",""A/Y"",""B/X"",""B/Y""]"
cosine_distance_v1,function_mask_v1,4,middle50,stratum-03,stratum-03-block-05,,,,,2,"[""A/X"",""B/X""]",0.5,"[""A/X"",""A/Y"",""B/Y""]","[""A/X"",""A/Y"",""B/X""]"
cosine_distance_v1,function_mask_v1,4,middle50,stratum-03,stratum-03-block-06,,,,,2,"[""A/X"",""B/X""]",0.5,"[""A/Y"",""B/X"",""B/Y""]","[""A/Y"",""B/X""]"
cosine_distance_v1,function_mask_v1,4,middle50,stratum-03,stratum-03-block-07,,,,,2,"[""A/X"",""B/Y""]",0.5,"[""A/X"",""B/Y""]","[""A/X"",""B/Y""]"
cosine_distance_v1,function_mask_v1,4,middle50,stratum-03,stratum-03-block-08,,,,,1,"[""A/X"",""A/Y"",""B/Y""]",1.0,"[""A/X"",""B/X""]","[""A/X"",""A/Y"",""B/X""]"
cosine_distance_v1,function_mask_v1,4,middle50,stratum-03,stratum-03-block-09,,,,,1,"[""A/X"",""A/Y"",""B/X""]",1.0,"[""A/X"",""A/Y"",""B/Y""]","[""A/X"",""A/Y"",""B/X"",""B/Y""]"
cosine_distance_v1,function_mask_v1,4,middle50,stratum-03,stratum-03-block-10,,,,,1,"[""A/X"",""B/X"",""B/Y""]",1.0,"[""A/Y"",""B/Y""]","[""A/X"",""B/Y""]"
function_word_js_v1,lexical_tokens,,full,stratum-01,stratum-01-block-01,0.75,0.75,0.75,0.0,4,[],0.75,[],[]
function_word_js_v1,lexical_tokens,,full,stratum-01,stratum-01-block-02,0.5,0.75,0.75,-0.25,4,[],0.5,[],[]
function_word_js_v1,lexical_tokens,,full,stratum-01,stratum-01-block-03,1.0,1.0,1.0,0.0,4,[],1.0,[],[]
function_word_js_v1,lexical_tokens,,full,stratum-01,stratum-01-block-04,0.75,0.75,0.75,0.0,4,[],0.75,[],[]
function_word_js_v1,lexical_tokens,,full,stratum-01,stratum-01-block-05,1.0,1.0,1.0,0.0,4,[],1.0,[],[]
function_word_js_v1,lexical_tokens,,full,stratum-01,stratum-01-block-06,1.0,1.0,1.0,0.0,4,[],1.0,[],[]
function_word_js_v1,lexical_tokens,,full,stratum-01,stratum-01-block-07,1.0,0.5,1.0,0.5,4,[],1.0,[],[]
function_word_js_v1,lexical_tokens,,full,stratum-01,stratum-01-block-08,0.25,0.75,1.0,-0.5,4,[],0.25,[],[]
function_word_js_v1,lexical_tokens,,full,stratum-01,stratum-01-block-09,0.5,0.75,0.5,-0.25,4,[],0.5,[],[]
function_word_js_v1,lexical_tokens,,full,stratum-01,stratum-01-block-10,0.75,0.75,0.5,0.0,4,[],0.75,[],[]
function_word_js_v1,lexical_tokens,,full,stratum-02,stratum-02-block-01,1.0,0.75,0.75,0.25,4,[],1.0,[],[]
function_word_js_v1,lexical_tokens,,full,stratum-02,stratum-02-block-02,0.75,0.75,0.75,0.0,4,[],0.75,[],[]
function_word_js_v1,lexical_tokens,,full,stratum-02,stratum-02-block-03,1.0,1.0,1.0,0.0,4,[],1.0,[],[]
function_word_js_v1,lexical_tokens,,full,stratum-02,stratum-02-block-04,0.5,0.75,0.75,-0.25,4,[],0.5,[],[]
function_word_js_v1,lexical_tokens,,full,stratum-02,stratum-02-block-05,0.5,0.75,0.5,-0.25,4,[],0.5,[],[]
function_word_js_v1,lexical_tokens,,full,stratum-02,stratum-02-block-06,1.0,0.75,1.0,0.25,4,[],1.0,[],[]
function_word_js_v1,lexical_tokens,,full,stratum-02,stratum-02-block-07,0.5,1.0,0.25,-0.5,4,[],0.5,[],[]
function_word_js_v1,lexical_tokens,,full,stratum-02,stratum-02-block-08,0.75,1.0,0.75,-0.25,4,[],0.75,[],[]
function_word_js_v1,lexical_tokens,,full,stratum-02,stratum-02-block-09,0.5,1.0,0.75,-0.5,4,[],0.5,[],[]
function_word_js_v1,lexical_tokens,,full,stratum-02,stratum-02-block-10,0.75,0.5,0.75,0.25,4,[],0.75,[],[]
function_word_js_v1,lexical_tokens,,full,stratum-03,stratum-03-block-01,1.0,1.0,1.0,0.0,4,[],1.0,[],[]
function_word_js_v1,lexical_tokens,,full,stratum-03,stratum-03-block-02,1.0,1.0,1.0,0.0,4,[],1.0,[],[]
function_word_js_v1,lexical_tokens,,full,stratum-03,stratum-03-block-03,0.75,1.0,0.5,-0.25,4,[],0.75,[],[]
function_word_js_v1,lexical_tokens,,full,stratum-03,stratum-03-block-04,0.75,0.75,1.0,0.0,4,[],0.75,[],[]
function_word_js_v1,lexical_tokens,,full,stratum-03,stratum-03-block-05,0.75,1.0,0.75,-0.25,4,[],0.75,[],[]
function_word_js_v1,lexical_tokens,,full,stratum-03,stratum-03-block-06,0.75,1.0,0.75,-0.25,4,[],0.75,[],[]
function_word_js_v1,lexical_tokens,,full,stratum-03,stratum-03-block-07,0.75,0.75,0.5,0.0,4,[],0.75,[],[]
function_word_js_v1,lexical_tokens,,full,stratum-03,stratum-03-block-08,1.0,1.0,0.75,0.0,4,[],1.0,[],[]
function_word_js_v1,lexical_tokens,,full,stratum-03,stratum-03-block-09,1.0,1.0,1.0,0.0,4,[],1.0,[],[]
function_word_js_v1,lexical_tokens,,full,stratum-03,stratum-03-block-10,0.5,0.75,0.5,-0.25,4,[],0.5,[],[]
function_word_js_v1,lexical_tokens,,hash75,stratum-01,stratum-01-block-01,,,,,3,"[""A/Y""]",1.0,"[""A/Y""]","[""A/Y""]"
function_word_js_v1,lexical_tokens,,hash75,stratum-01,stratum-01-block-02,,,,,3,"[""B/X""]",0.6666666666666666,"[""B/X""]","[""B/X""]"
function_word_js_v1,lexical_tokens,,hash75,stratum-01,stratum-01-block-03,0.75,1.0,0.75,-0.25,4,[],0.75,[],[]
function_word_js_v1,lexical_tokens,,hash75,stratum-01,stratum-01-block-04,0.5,0.75,0.75,-0.25,4,[],0.5,[],[]
function_word_js_v1,lexical_tokens,,hash75,stratum-01,stratum-01-block-05,0.75,1.0,0.75,-0.25,4,[],0.75,[],[]
function_word_js_v1,lexical_tokens,,hash75,stratum-01,stratum-01-block-06,1.0,1.0,0.75,0.0,4,[],1.0,[],[]
function_word_js_v1,lexical_tokens,,hash75,stratum-01,stratum-01-block-07,0.75,0.75,1.0,0.0,4,[],0.75,[],[]
function_word_js_v1,lexical_tokens,,hash75,stratum-01,stratum-01-block-08,0.5,0.75,0.75,-0.25,4,[],0.5,[],[]
function_word_js_v1,lexical_tokens,,hash75,stratum-01,stratum-01-block-09,0.5,0.25,0.25,0.25,4,[],0.5,[],[]
function_word_js_v1,lexical_tokens,,hash75,stratum-01,stratum-01-block-10,,,,,1,"[""A/X"",""A/Y"",""B/Y""]",1.0,"[""A/X"",""B/X"",""B/Y""]","[""A/X"",""B/Y""]"
function_word_js_v1,lexical_tokens,,hash75,stratum-02,stratum-02-block-01,,,,,2,"[""A/Y"",""B/Y""]",1.0,"[""A/X"",""B/X""]","[""A/Y"",""B/X""]"
function_word_js_v1,lexical_tokens,,hash75,stratum-02,stratum-02-block-02,0.75,0.75,0.75,0.0,4,[],0.75,[],[]
function_word_js_v1,lexical_tokens,,hash75,stratum-02,stratum-02-block-03,1.0,0.75,1.0,0.25,4,[],1.0,[],[]
function_word_js_v1,lexical_tokens,,hash75,stratum-02,stratum-02-block-04,,,,,0,"[""A/X"",""A/Y"",""B/X"",""B/Y""]",,"[""A/X"",""A/Y"",""B/X"",""B/Y""]","[""A/X"",""A/Y"",""B/X"",""B/Y""]"
function_word_js_v1,lexical_tokens,,hash75,stratum-02,stratum-02-block-05,0.75,0.75,0.5,0.0,4,[],0.75,[],[]
function_word_js_v1,lexical_tokens,,hash75,stratum-02,stratum-02-block-06,,,,,3,"[""A/Y""]",1.0,"[""A/Y""]","[""A/Y""]"
function_word_js_v1,lexical_tokens,,hash75,stratum-02,stratum-02-block-07,0.75,1.0,0.75,-0.25,4,[],0.75,[],[]
function_word_js_v1,lexical_tokens,,hash75,stratum-02,stratum-02-block-08,0.75,1.0,0.75,-0.25,4,[],0.75,[],[]
function_word_js_v1,lexical_tokens,,hash75,stratum-02,stratum-02-block-09,0.75,1.0,0.75,-0.25,4,[],0.75,[],[]
function_word_js_v1,lexical_tokens,,hash75,stratum-02,stratum-02-block-10,,,,,2,"[""A/Y"",""B/Y""]",1.0,"[""A/X"",""B/X""]","[""A/Y"",""B/X""]"
function_word_js_v1,lexical_tokens,,hash75,stratum-03,stratum-03-block-01,1.0,1.0,1.0,0.0,4,[],1.0,[],[]
function_word_js_v1,lexical_tokens,,hash75,stratum-03,stratum-03-block-02,0.75,1.0,0.75,-0.25,4,[],0.75,[],[]
function_word_js_v1,lexical_tokens,,hash75,stratum-03,stratum-03-block-03,,,,,2,"[""A/Y"",""B/Y""]",0.5,"[""A/X"",""B/X""]","[""A/Y"",""B/X""]"
function_word_js_v1,lexical_tokens,,hash75,stratum-03,stratum-03-block-04,0.75,0.75,0.75,0.0,4,[],0.75,[],[]
function_word_js_v1,lexical_tokens,,hash75,stratum-03,stratum-03-block-05,0.75,1.0,0.75,-0.25,4,[],0.75,[],[]
function_word_js_v1,lexical_tokens,,hash75,stratum-03,stratum-03-block-06,0.75,1.0,0.25,-0.25,4,[],0.75,[],[]
function_word_js_v1,lexical_tokens,,hash75,stratum-03,stratum-03-block-07,0.5,0.75,0.25,-0.25,4,[],0.5,[],[]
function_word_js_v1,lexical_tokens,,hash75,stratum-03,stratum-03-block-08,0.75,0.75,0.5,0.0,4,[],0.75,[],[]
function_word_js_v1,lexical_tokens,,hash75,stratum-03,stratum-03-block-09,,,,,2,"[""A/X"",""B/X""]",1.0,"[""A/Y"",""B/Y""]","[""A/Y"",""B/X""]"
function_word_js_v1,lexical_tokens,,hash75,stratum-03,stratum-03-block-10,0.75,0.75,0.5,0.0,4,[],0.75,[],[]
function_word_js_v1,lexical_tokens,,hash50,stratum-01,stratum-01-block-01,,,,,0,"[""A/X"",""A/Y"",""B/X"",""B/Y""]",,"[""A/X"",""A/Y"",""B/X"",""B/Y""]","[""A/X"",""A/Y"",""B/X"",""B/Y""]"
function_word_js_v1,lexical_tokens,,hash50,stratum-01,stratum-01-block-02,,,,,0,"[""A/X"",""A/Y"",""B/X"",""B/Y""]",,"[""A/X"",""A/Y"",""B/X"",""B/Y""]","[""A/X"",""A/Y"",""B/X"",""B/Y""]"
function_word_js_v1,lexical_tokens,,hash50,stratum-01,stratum-01-block-03,,,,,1,"[""A/X"",""B/X"",""B/Y""]",1.0,"[""A/Y"",""B/Y""]","[""A/X"",""A/Y"",""B/X"",""B/Y""]"
function_word_js_v1,lexical_tokens,,hash50,stratum-01,stratum-01-block-04,,,,,0,"[""A/X"",""A/Y"",""B/X"",""B/Y""]",,"[""A/X"",""A/Y"",""B/X"",""B/Y""]","[""A/X"",""A/Y"",""B/X"",""B/Y""]"
function_word_js_v1,lexical_tokens,,hash50,stratum-01,stratum-01-block-05,,,,,2,"[""A/X"",""B/X""]",1.0,"[""A/Y"",""B/Y""]","[""A/X"",""B/Y""]"
function_word_js_v1,lexical_tokens,,hash50,stratum-01,stratum-01-block-06,,,,,0,"[""A/X"",""A/Y"",""B/X"",""B/Y""]",,"[""A/X"",""A/Y"",""B/X"",""B/Y""]","[""A/Y"",""B/X""]"
function_word_js_v1,lexical_tokens,,hash50,stratum-01,stratum-01-block-07,,,,,0,"[""A/X"",""A/Y"",""B/X"",""B/Y""]",,"[""A/X"",""A/Y"",""B/X"",""B/Y""]","[""A/X"",""A/Y"",""B/X"",""B/Y""]"
function_word_js_v1,lexical_tokens,,hash50,stratum-01,stratum-01-block-08,,,,,2,"[""A/X"",""A/Y""]",1.0,"[""A/X"",""A/Y""]","[""A/X"",""A/Y""]"
function_word_js_v1,lexical_tokens,,hash50,stratum-01,stratum-01-block-09,,,,,0,"[""A/X"",""A/Y"",""B/X"",""B/Y""]",,"[""A/X"",""A/Y"",""B/X"",""B/Y""]","[""A/X"",""A/Y"",""B/X"",""B/Y""]"
function_word_js_v1,lexical_tokens,,hash50,stratum-01,stratum-01-block-10,,,,,0,"[""A/X"",""A/Y"",""B/X"",""B/Y""]",,"[""A/X"",""A/Y"",""B/X"",""B/Y""]","[""A/X"",""A/Y"",""B/X"",""B/Y""]"
function_word_js_v1,lexical_tokens,,hash50,stratum-02,stratum-02-block-01,,,,,0,"[""A/X"",""A/Y"",""B/X"",""B/Y""]",,"[""A/X"",""B/X"",""B/Y""]","[""A/X"",""A/Y"",""B/X"",""B/Y""]"
function_word_js_v1,lexical_tokens,,hash50,stratum-02,stratum-02-block-02,,,,,1,"[""A/X"",""A/Y"",""B/Y""]",1.0,"[""A/X"",""B/X"",""B/Y""]","[""A/X"",""A/Y"",""B/X"",""B/Y""]"
function_word_js_v1,lexical_tokens,,hash50,stratum-02,stratum-02-block-03,,,,,1,"[""A/X"",""A/Y"",""B/Y""]",1.0,"[""A/X"",""B/X"",""B/Y""]","[""A/X"",""A/Y"",""B/X"",""B/Y""]"
function_word_js_v1,lexical_tokens,,hash50,stratum-02,stratum-02-block-04,,,,,0,"[""A/X"",""A/Y"",""B/X"",""B/Y""]",,"[""A/X"",""A/Y"",""B/X"",""B/Y""]","[""A/X"",""A/Y"",""B/X"",""B/Y""]"
function_word_js_v1,lexical_tokens,,hash50,stratum-02,stratum-02-block-05,,,,,2,"[""A/X"",""B/X""]",0.5,"[""A/X"",""A/Y"",""B/X"",""B/Y""]","[""A/X"",""A/Y"",""B/X"",""B/Y""]"
function_word_js_v1,lexical_tokens,,hash50,stratum-02,stratum-02-block-06,,,,,1,"[""A/X"",""A/Y"",""B/Y""]",1.0,"[""A/X"",""A/Y"",""B/X"",""B/Y""]","[""A/X"",""A/Y"",""B/X"",""B/Y""]"
function_word_js_v1,lexical_tokens,,hash50,stratum-02,stratum-02-block-07,,,,,2,"[""A/X"",""B/X""]",0.5,"[""A/Y"",""B/Y""]","[""A/X"",""B/Y""]"
function_word_js_v1,lexical_tokens,,hash50,stratum-02,stratum-02-block-08,,,,,0,"[""A/X"",""A/Y"",""B/X"",""B/Y""]",,"[""A/X"",""A/Y"",""B/X"",""B/Y""]","[""A/X"",""B/Y""]"
function_word_js_v1,lexical_tokens,,hash50,stratum-02,stratum-02-block-09,,,,,1,"[""A/Y"",""B/X"",""B/Y""]",1.0,"[""A/X"",""B/X"",""B/Y""]","[""A/Y"",""B/X"",""B/Y""]"
function_word_js_v1,lexical_tokens,,hash50,stratum-02,stratum-02-block-10,,,,,0,"[""A/X"",""A/Y"",""B/X"",""B/Y""]",,"[""A/X"",""A/Y"",""B/X"",""B/Y""]","[""A/Y"",""B/X""]"
function_word_js_v1,lexical_tokens,,hash50,stratum-03,stratum-03-block-01,,,,,0,"[""A/X"",""A/Y"",""B/X"",""B/Y""]",,"[""A/X"",""A/Y"",""B/X"",""B/Y""]","[""A/X"",""A/Y"",""B/X"",""B/Y""]"
function_word_js_v1,lexical_tokens,,hash50,stratum-03,stratum-03-block-02,,,,,0,"[""A/X"",""A/Y"",""B/X"",""B/Y""]",,"[""A/X"",""A/Y"",""B/X"",""B/Y""]","[""A/X"",""A/Y"",""B/X"",""B/Y""]"
function_word_js_v1,lexical_tokens,,hash50,stratum-03,stratum-03-block-03,,,,,0,"[""A/X"",""A/Y"",""B/X"",""B/Y""]",,"[""A/X"",""A/Y"",""B/X"",""B/Y""]","[""A/X"",""A/Y"",""B/X"",""B/Y""]"
function_word_js_v1,lexical_tokens,,hash50,stratum-03,stratum-03-block-04,,,,,0,"[""A/X"",""A/Y"",""B/X"",""B/Y""]",,"[""A/X"",""A/Y"",""B/X"",""B/Y""]","[""A/X"",""A/Y"",""B/X"",""B/Y""]"
function_word_js_v1,lexical_tokens,,hash50,stratum-03,stratum-03-block-05,,,,,0,"[""A/X"",""A/Y"",""B/X"",""B/Y""]",,"[""A/X"",""A/Y"",""B/X"",""B/Y""]","[""A/Y"",""B/X"",""B/Y""]"
function_word_js_v1,lexical_tokens,,hash50,stratum-03,stratum-03-block-06,,,,,2,"[""A/Y"",""B/Y""]",0.5,"[""A/X"",""B/X""]","[""A/Y"",""B/X""]"
function_word_js_v1,lexical_tokens,,hash50,stratum-03,stratum-03-block-07,,,,,1,"[""A/X"",""A/Y"",""B/Y""]",0.0,"[""A/X"",""B/X"",""B/Y""]","[""A/X"",""A/Y"",""B/X"",""B/Y""]"
function_word_js_v1,lexical_tokens,,hash50,stratum-03,stratum-03-block-08,,,,,3,"[""A/X""]",1.0,"[""A/X""]","[""A/X""]"
function_word_js_v1,lexical_tokens,,hash50,stratum-03,stratum-03-block-09,,,,,1,"[""A/X"",""A/Y"",""B/X""]",1.0,"[""A/Y"",""B/X"",""B/Y""]","[""A/X"",""A/Y"",""B/X"",""B/Y""]"
function_word_js_v1,lexical_tokens,,hash50,stratum-03,stratum-03-block-10,,,,,2,"[""A/X"",""B/X""]",0.5,"[""A/X"",""A/Y"",""B/Y""]","[""A/X"",""A/Y"",""B/X""]"
function_word_js_v1,lexical_tokens,,middle50,stratum-01,stratum-01-block-01,,,,,0,"[""A/X"",""A/Y"",""B/X"",""B/Y""]",,"[""A/X"",""A/Y"",""B/X"",""B/Y""]","[""A/X"",""A/Y"",""B/X"",""B/Y""]"
function_word_js_v1,lexical_tokens,,middle50,stratum-01,stratum-01-block-02,,,,,0,"[""A/X"",""A/Y"",""B/X"",""B/Y""]",,"[""A/Y"",""B/Y""]","[""A/X"",""A/Y"",""B/Y""]"
function_word_js_v1,lexical_tokens,,middle50,stratum-01,stratum-01-block-03,,,,,0,"[""A/X"",""A/Y"",""B/X"",""B/Y""]",,"[""A/X"",""A/Y"",""B/X"",""B/Y""]","[""A/X"",""A/Y"",""B/X"",""B/Y""]"
function_word_js_v1,lexical_tokens,,middle50,stratum-01,stratum-01-block-04,,,,,0,"[""A/X"",""A/Y"",""B/X"",""B/Y""]",,"[""A/X"",""A/Y"",""B/X"",""B/Y""]","[""A/X"",""A/Y"",""B/Y""]"
function_word_js_v1,lexical_tokens,,middle50,stratum-01,stratum-01-block-05,,,,,2,"[""A/X"",""B/X""]",0.5,"[""A/X"",""A/Y"",""B/Y""]","[""A/X"",""A/Y"",""B/X"",""B/Y""]"
function_word_js_v1,lexical_tokens,,middle50,stratum-01,stratum-01-block-06,,,,,0,"[""A/X"",""A/Y"",""B/X"",""B/Y""]",,"[""A/Y"",""B/X"",""B/Y""]","[""A/X"",""A/Y"",""B/X"",""B/Y""]"
function_word_js_v1,lexical_tokens,,middle50,stratum-01,stratum-01-block-07,,,,,0,"[""A/X"",""A/Y"",""B/X"",""B/Y""]",,"[""A/X"",""A/Y"",""B/X"",""B/Y""]","[""A/X"",""A/Y"",""B/X"",""B/Y""]"
function_word_js_v1,lexical_tokens,,middle50,stratum-01,stratum-01-block-08,,,,,3,"[""A/Y""]",0.3333333333333333,"[""A/Y""]","[""A/Y""]"
function_word_js_v1,lexical_tokens,,middle50,stratum-01,stratum-01-block-09,,,,,0,"[""A/X"",""A/Y"",""B/X"",""B/Y""]",,"[""A/X"",""A/Y"",""B/X"",""B/Y""]","[""A/X"",""A/Y"",""B/X"",""B/Y""]"
function_word_js_v1,lexical_tokens,,middle50,stratum-01,stratum-01-block-10,,,,,0,"[""A/X"",""A/Y"",""B/X"",""B/Y""]",,"[""A/X"",""A/Y"",""B/X"",""B/Y""]","[""A/X"",""A/Y"",""B/X"",""B/Y""]"
function_word_js_v1,lexical_tokens,,middle50,stratum-02,stratum-02-block-01,,,,,0,"[""A/X"",""A/Y"",""B/X"",""B/Y""]",,"[""A/X"",""A/Y"",""B/X"",""B/Y""]","[""A/X"",""A/Y"",""B/X"",""B/Y""]"
function_word_js_v1,lexical_tokens,,middle50,stratum-02,stratum-02-block-02,,,,,0,"[""A/X"",""A/Y"",""B/X"",""B/Y""]",,"[""A/X"",""A/Y"",""B/X"",""B/Y""]","[""A/X"",""A/Y"",""B/X"",""B/Y""]"
function_word_js_v1,lexical_tokens,,middle50,stratum-02,stratum-02-block-03,,,,,0,"[""A/X"",""A/Y"",""B/X"",""B/Y""]",,"[""A/X"",""A/Y"",""B/X"",""B/Y""]","[""A/X"",""A/Y"",""B/X"",""B/Y""]"
function_word_js_v1,lexical_tokens,,middle50,stratum-02,stratum-02-block-04,,,,,0,"[""A/X"",""A/Y"",""B/X"",""B/Y""]",,"[""A/X"",""A/Y"",""B/X"",""B/Y""]","[""A/X"",""A/Y"",""B/X"",""B/Y""]"
function_word_js_v1,lexical_tokens,,middle50,stratum-02,stratum-02-block-05,,,,,0,"[""A/X"",""A/Y"",""B/X"",""B/Y""]",,"[""A/X"",""A/Y"",""B/X"",""B/Y""]","[""A/X"",""A/Y"",""B/X"",""B/Y""]"
function_word_js_v1,lexical_tokens,,middle50,stratum-02,stratum-02-block-06,,,,,1,"[""A/X"",""A/Y"",""B/X""]",1.0,"[""A/Y"",""B/X"",""B/Y""]","[""A/X"",""A/Y"",""B/X"",""B/Y""]"
function_word_js_v1,lexical_tokens,,middle50,stratum-02,stratum-02-block-07,,,,,1,"[""A/X"",""B/X"",""B/Y""]",1.0,"[""A/Y"",""B/Y""]","[""A/X"",""B/Y""]"
function_word_js_v1,lexical_tokens,,middle50,stratum-02,stratum-02-block-08,,,,,0,"[""A/X"",""A/Y"",""B/X"",""B/Y""]",,"[""A/X"",""A/Y"",""B/X"",""B/Y""]","[""A/X"",""A/Y"",""B/X"",""B/Y""]"
function_word_js_v1,lexical_tokens,,middle50,stratum-02,stratum-02-block-09,,,,,0,"[""A/X"",""A/Y"",""B/X"",""B/Y""]",,"[""A/X"",""A/Y"",""B/X"",""B/Y""]","[""A/X"",""A/Y"",""B/X"",""B/Y""]"
function_word_js_v1,lexical_tokens,,middle50,stratum-02,stratum-02-block-10,,,,,0,"[""A/X"",""A/Y"",""B/X"",""B/Y""]",,"[""A/X"",""A/Y"",""B/X"",""B/Y""]","[""A/X"",""A/Y"",""B/X"",""B/Y""]"
function_word_js_v1,lexical_tokens,,middle50,stratum-03,stratum-03-block-01,,,,,0,"[""A/X"",""A/Y"",""B/X"",""B/Y""]",,"[""A/X"",""A/Y"",""B/X"",""B/Y""]","[""A/X"",""A/Y"",""B/X"",""B/Y""]"
function_word_js_v1,lexical_tokens,,middle50,stratum-03,stratum-03-block-02,,,,,0,"[""A/X"",""A/Y"",""B/X"",""B/Y""]",,"[""A/X"",""A/Y"",""B/X"",""B/Y""]","[""A/X"",""A/Y"",""B/X"",""B/Y""]"
function_word_js_v1,lexical_tokens,,middle50,stratum-03,stratum-03-block-03,,,,,0,"[""A/X"",""A/Y"",""B/X"",""B/Y""]",,"[""A/X"",""A/Y"",""B/X"",""B/Y""]","[""A/X"",""A/Y"",""B/Y""]"
function_word_js_v1,lexical_tokens,,middle50,stratum-03,stratum-03-block-04,,,,,2,"[""A/X"",""B/X""]",1.0,"[""A/Y"",""B/X"",""B/Y""]","[""A/X"",""A/Y"",""B/X"",""B/Y""]"
function_word_js_v1,lexical_tokens,,middle50,stratum-03,stratum-03-block-05,,,,,2,"[""A/X"",""B/X""]",1.0,"[""A/X"",""A/Y"",""B/Y""]","[""A/X"",""A/Y"",""B/X""]"
function_word_js_v1,lexical_tokens,,middle50,stratum-03,stratum-03-block-06,,,,,2,"[""A/X"",""B/X""]",1.0,"[""A/Y"",""B/X"",""B/Y""]","[""A/Y"",""B/X""]"
function_word_js_v1,lexical_tokens,,middle50,stratum-03,stratum-03-block-07,,,,,2,"[""A/X"",""B/Y""]",1.0,"[""A/X"",""B/Y""]","[""A/X"",""B/Y""]"
function_word_js_v1,lexical_tokens,,middle50,stratum-03,stratum-03-block-08,,,,,1,"[""A/X"",""A/Y"",""B/Y""]",1.0,"[""A/X"",""B/X""]","[""A/X"",""A/Y"",""B/X""]"
function_word_js_v1,lexical_tokens,,middle50,stratum-03,stratum-03-block-09,,,,,1,"[""A/X"",""A/Y"",""B/X""]",1.0,"[""A/X"",""A/Y"",""B/Y""]","[""A/X"",""A/Y"",""B/X"",""B/Y""]"
function_word_js_v1,lexical_tokens,,middle50,stratum-03,stratum-03-block-10,,,,,1,"[""A/X"",""B/X"",""B/Y""]",1.0,"[""A/Y"",""B/Y""]","[""A/X"",""B/Y""]"
