arm,block_id,cell_id,nonempty,ordinary_volume_guards_met,records,retained_words,stratum_id
full,stratum-01-block-01,A/X/early,True,True,12,2270,stratum-01
full,stratum-01-block-01,A/X/late,True,True,17,2479,stratum-01
full,stratum-01-block-01,A/Y/early,True,True,10,2023,stratum-01
full,stratum-01-block-01,A/Y/late,True,True,24,2650,stratum-01
full,stratum-01-block-01,B/X/early,True,True,12,2101,stratum-01
full,stratum-01-block-01,B/X/late,True,True,12,2054,stratum-01
full,stratum-01-block-01,B/Y/early,True,True,16,2089,stratum-01
full,stratum-01-block-01,B/Y/late,True,True,21,2242,stratum-01
hash50,stratum-01-block-01,A/X/early,True,False,5,1421,stratum-01
hash50,stratum-01-block-01,A/X/late,True,True,13,1344,stratum-01
hash50,stratum-01-block-01,A/Y/early,True,False,2,112,stratum-01
hash50,stratum-01-block-01,A/Y/late,True,True,11,1894,stratum-01
hash50,stratum-01-block-01,B/X/early,True,False,5,1086,stratum-01
hash50,stratum-01-block-01,B/X/late,True,False,6,1699,stratum-01
hash50,stratum-01-block-01,B/Y/early,True,True,10,1351,stratum-01
hash50,stratum-01-block-01,B/Y/late,True,False,9,945,stratum-01
hash75,stratum-01-block-01,A/X/early,True,True,8,1635,stratum-01
hash75,stratum-01-block-01,A/X/late,True,True,15,1816,stratum-01
hash75,stratum-01-block-01,A/Y/early,True,False,7,1139,stratum-01
hash75,stratum-01-block-01,A/Y/late,True,True,17,2218,stratum-01
hash75,stratum-01-block-01,B/X/early,True,True,8,1748,stratum-01
hash75,stratum-01-block-01,B/X/late,True,True,8,1750,stratum-01
hash75,stratum-01-block-01,B/Y/early,True,True,14,1701,stratum-01
hash75,stratum-01-block-01,B/Y/late,True,True,15,1647,stratum-01
middle50,stratum-01-block-01,A/X/early,True,False,6,1382,stratum-01
middle50,stratum-01-block-01,A/X/late,True,True,9,1524,stratum-01
middle50,stratum-01-block-01,A/Y/early,True,False,5,1240,stratum-01
middle50,stratum-01-block-01,A/Y/late,True,True,12,1865,stratum-01
middle50,stratum-01-block-01,B/X/early,True,False,6,1911,stratum-01
middle50,stratum-01-block-01,B/X/late,True,False,6,1719,stratum-01
middle50,stratum-01-block-01,B/Y/early,True,False,8,927,stratum-01
middle50,stratum-01-block-01,B/Y/late,True,True,11,1471,stratum-01
full,stratum-01-block-02,A/X/early,True,True,22,2074,stratum-01
full,stratum-01-block-02,A/X/late,True,True,24,2059,stratum-01
full,stratum-01-block-02,A/Y/early,True,True,26,2021,stratum-01
full,stratum-01-block-02,A/Y/late,True,True,26,2067,stratum-01
full,stratum-01-block-02,B/X/early,True,True,21,2030,stratum-01
full,stratum-01-block-02,B/X/late,True,True,26,2028,stratum-01
full,stratum-01-block-02,B/Y/early,True,True,22,2040,stratum-01
full,stratum-01-block-02,B/Y/late,True,True,25,2142,stratum-01
hash50,stratum-01-block-02,A/X/early,True,True,13,1017,stratum-01
hash50,stratum-01-block-02,A/X/late,True,True,15,1309,stratum-01
hash50,stratum-01-block-02,A/Y/early,True,False,11,981,stratum-01
hash50,stratum-01-block-02,A/Y/late,True,True,16,1257,stratum-01
hash50,stratum-01-block-02,B/X/early,True,False,7,643,stratum-01
hash50,stratum-01-block-02,B/X/late,True,False,11,829,stratum-01
hash50,stratum-01-block-02,B/Y/early,True,True,17,1679,stratum-01
hash50,stratum-01-block-02,B/Y/late,True,False,11,885,stratum-01
hash75,stratum-01-block-02,A/X/early,True,True,14,1066,stratum-01
hash75,stratum-01-block-02,A/X/late,True,True,17,1449,stratum-01
hash75,stratum-01-block-02,A/Y/early,True,True,17,1535,stratum-01
hash75,stratum-01-block-02,A/Y/late,True,True,22,1614,stratum-01
hash75,stratum-01-block-02,B/X/early,True,False,10,978,stratum-01
hash75,stratum-01-block-02,B/X/late,True,True,17,1254,stratum-01
hash75,stratum-01-block-02,B/Y/early,True,True,19,1777,stratum-01
hash75,stratum-01-block-02,B/Y/late,True,True,17,1331,stratum-01
middle50,stratum-01-block-02,A/X/early,True,True,11,1448,stratum-01
middle50,stratum-01-block-02,A/X/late,True,True,12,1056,stratum-01
middle50,stratum-01-block-02,A/Y/early,True,False,13,863,stratum-01
middle50,stratum-01-block-02,A/Y/late,True,False,13,842,stratum-01
middle50,stratum-01-block-02,B/X/early,True,True,11,1328,stratum-01
middle50,stratum-01-block-02,B/X/late,True,True,13,1015,stratum-01
middle50,stratum-01-block-02,B/Y/early,True,False,11,563,stratum-01
middle50,stratum-01-block-02,B/Y/late,True,True,13,1105,stratum-01
full,stratum-01-block-03,A/X/early,True,True,30,2000,stratum-01
full,stratum-01-block-03,A/X/late,True,True,33,2035,stratum-01
full,stratum-01-block-03,A/Y/early,True,True,31,2063,stratum-01
full,stratum-01-block-03,A/Y/late,True,True,36,2053,stratum-01
full,stratum-01-block-03,B/X/early,True,True,39,2016,stratum-01
full,stratum-01-block-03,B/X/late,True,True,36,2009,stratum-01
full,stratum-01-block-03,B/Y/early,True,True,24,2137,stratum-01
full,stratum-01-block-03,B/Y/late,True,True,40,2017,stratum-01
hash50,stratum-01-block-03,A/X/early,True,True,20,1297,stratum-01
hash50,stratum-01-block-03,A/X/late,True,True,16,1257,stratum-01
hash50,stratum-01-block-03,A/Y/early,True,True,13,1030,stratum-01
hash50,stratum-01-block-03,A/Y/late,True,False,15,976,stratum-01
hash50,stratum-01-block-03,B/X/early,True,True,21,1103,stratum-01
hash50,stratum-01-block-03,B/X/late,True,True,20,1115,stratum-01
hash50,stratum-01-block-03,B/Y/early,True,False,8,581,stratum-01
hash50,stratum-01-block-03,B/Y/late,True,False,17,960,stratum-01
hash75,stratum-01-block-03,A/X/early,True,True,25,1631,stratum-01
hash75,stratum-01-block-03,A/X/late,True,True,25,1770,stratum-01
hash75,stratum-01-block-03,A/Y/early,True,True,21,1541,stratum-01
hash75,stratum-01-block-03,A/Y/late,True,True,26,1499,stratum-01
hash75,stratum-01-block-03,B/X/early,True,True,28,1337,stratum-01
hash75,stratum-01-block-03,B/X/late,True,True,28,1473,stratum-01
hash75,stratum-01-block-03,B/Y/early,True,True,15,1680,stratum-01
hash75,stratum-01-block-03,B/Y/late,True,True,27,1397,stratum-01
middle50,stratum-01-block-03,A/X/early,True,True,15,1115,stratum-01
middle50,stratum-01-block-03,A/X/late,True,False,17,865,stratum-01
middle50,stratum-01-block-03,A/Y/early,True,False,15,747,stratum-01
middle50,stratum-01-block-03,A/Y/late,True,False,18,987,stratum-01
middle50,stratum-01-block-03,B/X/early,True,False,19,931,stratum-01
middle50,stratum-01-block-03,B/X/late,True,True,18,1080,stratum-01
middle50,stratum-01-block-03,B/Y/early,True,True,12,1457,stratum-01
middle50,stratum-01-block-03,B/Y/late,True,True,20,1170,stratum-01
full,stratum-01-block-04,A/X/early,True,True,30,2227,stratum-01
full,stratum-01-block-04,A/X/late,True,True,26,2417,stratum-01
full,stratum-01-block-04,A/Y/early,True,True,31,2006,stratum-01
full,stratum-01-block-04,A/Y/late,True,True,29,2019,stratum-01
full,stratum-01-block-04,B/X/early,True,True,33,2064,stratum-01
full,stratum-01-block-04,B/X/late,True,True,31,2046,stratum-01
full,stratum-01-block-04,B/Y/early,True,True,36,2030,stratum-01
full,stratum-01-block-04,B/Y/late,True,True,29,2141,stratum-01
hash50,stratum-01-block-04,A/X/early,True,False,14,780,stratum-01
hash50,stratum-01-block-04,A/X/late,True,True,15,1216,stratum-01
hash50,stratum-01-block-04,A/Y/early,True,False,14,856,stratum-01
hash50,stratum-01-block-04,A/Y/late,True,True,17,1455,stratum-01
hash50,stratum-01-block-04,B/X/early,True,False,13,797,stratum-01
hash50,stratum-01-block-04,B/X/late,True,False,14,802,stratum-01
hash50,stratum-01-block-04,B/Y/early,True,False,16,653,stratum-01
hash50,stratum-01-block-04,B/Y/late,True,True,14,1389,stratum-01
hash75,stratum-01-block-04,A/X/early,True,True,20,1254,stratum-01
hash75,stratum-01-block-04,A/X/late,True,True,23,1989,stratum-01
hash75,stratum-01-block-04,A/Y/early,True,True,26,1596,stratum-01
hash75,stratum-01-block-04,A/Y/late,True,True,23,1721,stratum-01
hash75,stratum-01-block-04,B/X/early,True,True,25,1436,stratum-01
hash75,stratum-01-block-04,B/X/late,True,True,24,1629,stratum-01
hash75,stratum-01-block-04,B/Y/early,True,True,28,1476,stratum-01
hash75,stratum-01-block-04,B/Y/late,True,True,25,1948,stratum-01
middle50,stratum-01-block-04,A/X/early,True,True,15,1298,stratum-01
middle50,stratum-01-block-04,A/X/late,True,True,13,1331,stratum-01
middle50,stratum-01-block-04,A/Y/early,True,False,15,919,stratum-01
middle50,stratum-01-block-04,A/Y/late,True,False,15,963,stratum-01
middle50,stratum-01-block-04,B/X/early,True,True,17,1047,stratum-01
middle50,stratum-01-block-04,B/X/late,True,False,15,988,stratum-01
middle50,stratum-01-block-04,B/Y/early,True,True,18,1051,stratum-01
middle50,stratum-01-block-04,B/Y/late,True,True,15,1336,stratum-01
full,stratum-01-block-05,A/X/early,True,True,32,2043,stratum-01
full,stratum-01-block-05,A/X/late,True,True,29,2082,stratum-01
full,stratum-01-block-05,A/Y/early,True,True,28,2040,stratum-01
full,stratum-01-block-05,A/Y/late,True,True,22,2003,stratum-01
full,stratum-01-block-05,B/X/early,True,True,35,2099,stratum-01
full,stratum-01-block-05,B/X/late,True,True,29,2051,stratum-01
full,stratum-01-block-05,B/Y/early,True,True,34,2081,stratum-01
full,stratum-01-block-05,B/Y/late,True,True,18,2028,stratum-01
hash50,stratum-01-block-05,A/X/early,True,True,18,1397,stratum-01
hash50,stratum-01-block-05,A/X/late,True,True,16,1069,stratum-01
hash50,stratum-01-block-05,A/Y/early,True,True,16,1362,stratum-01
hash50,stratum-01-block-05,A/Y/late,True,False,11,933,stratum-01
hash50,stratum-01-block-05,B/X/early,True,True,19,1318,stratum-01
hash50,stratum-01-block-05,B/X/late,True,True,13,1125,stratum-01
hash50,stratum-01-block-05,B/Y/early,True,True,22,1340,stratum-01
hash50,stratum-01-block-05,B/Y/late,True,True,12,1457,stratum-01
hash75,stratum-01-block-05,A/X/early,True,True,24,1622,stratum-01
hash75,stratum-01-block-05,A/X/late,True,True,23,1493,stratum-01
hash75,stratum-01-block-05,A/Y/early,True,True,22,1620,stratum-01
hash75,stratum-01-block-05,A/Y/late,True,True,18,1619,stratum-01
hash75,stratum-01-block-05,B/X/early,True,True,24,1651,stratum-01
hash75,stratum-01-block-05,B/X/late,True,True,21,1564,stratum-01
hash75,stratum-01-block-05,B/Y/early,True,True,28,1728,stratum-01
hash75,stratum-01-block-05,B/Y/late,True,True,14,1547,stratum-01
middle50,stratum-01-block-05,A/X/early,True,False,16,930,stratum-01
middle50,stratum-01-block-05,A/X/late,True,True,15,1247,stratum-01
middle50,stratum-01-block-05,A/Y/early,True,True,14,1345,stratum-01
middle50,stratum-01-block-05,A/Y/late,True,False,11,670,stratum-01
middle50,stratum-01-block-05,B/X/early,True,True,17,1226,stratum-01
middle50,stratum-01-block-05,B/X/late,True,True,15,1165,stratum-01
middle50,stratum-01-block-05,B/Y/early,True,True,17,1288,stratum-01
middle50,stratum-01-block-05,B/Y/late,True,False,9,814,stratum-01
full,stratum-01-block-06,A/X/early,True,True,19,2033,stratum-01
full,stratum-01-block-06,A/X/late,True,True,26,2162,stratum-01
full,stratum-01-block-06,A/Y/early,True,True,16,2013,stratum-01
full,stratum-01-block-06,A/Y/late,True,True,20,2001,stratum-01
full,stratum-01-block-06,B/X/early,True,True,18,2139,stratum-01
full,stratum-01-block-06,B/X/late,True,True,22,2056,stratum-01
full,stratum-01-block-06,B/Y/early,True,True,16,2145,stratum-01
full,stratum-01-block-06,B/Y/late,True,True,13,2133,stratum-01
hash50,stratum-01-block-06,A/X/early,True,True,11,1170,stratum-01
hash50,stratum-01-block-06,A/X/late,True,False,12,986,stratum-01
hash50,stratum-01-block-06,A/Y/early,True,True,8,1059,stratum-01
hash50,stratum-01-block-06,A/Y/late,True,True,11,1279,stratum-01
hash50,stratum-01-block-06,B/X/early,True,False,8,875,stratum-01
hash50,stratum-01-block-06,B/X/late,True,True,8,1059,stratum-01
hash50,stratum-01-block-06,B/Y/early,True,True,10,1563,stratum-01
hash50,stratum-01-block-06,B/Y/late,True,False,7,1130,stratum-01
hash75,stratum-01-block-06,A/X/early,True,True,15,1531,stratum-01
hash75,stratum-01-block-06,A/X/late,True,True,18,1596,stratum-01
hash75,stratum-01-block-06,A/Y/early,True,True,13,1440,stratum-01
hash75,stratum-01-block-06,A/Y/late,True,True,15,1446,stratum-01
hash75,stratum-01-block-06,B/X/early,True,True,14,1597,stratum-01
hash75,stratum-01-block-06,B/X/late,True,True,15,1622,stratum-01
hash75,stratum-01-block-06,B/Y/early,True,True,14,1977,stratum-01
hash75,stratum-01-block-06,B/Y/late,True,True,10,1368,stratum-01
middle50,stratum-01-block-06,A/X/early,True,True,9,1318,stratum-01
middle50,stratum-01-block-06,A/X/late,True,True,13,1055,stratum-01
middle50,stratum-01-block-06,A/Y/early,True,False,8,771,stratum-01
middle50,stratum-01-block-06,A/Y/late,True,False,10,921,stratum-01
middle50,stratum-01-block-06,B/X/early,True,False,9,896,stratum-01
middle50,stratum-01-block-06,B/X/late,True,True,11,1143,stratum-01
middle50,stratum-01-block-06,B/Y/early,True,False,8,723,stratum-01
middle50,stratum-01-block-06,B/Y/late,True,False,7,1465,stratum-01
full,stratum-01-block-07,A/X/early,True,True,23,2092,stratum-01
full,stratum-01-block-07,A/X/late,True,True,28,2036,stratum-01
full,stratum-01-block-07,A/Y/early,True,True,23,2029,stratum-01
full,stratum-01-block-07,A/Y/late,True,True,25,2090,stratum-01
full,stratum-01-block-07,B/X/early,True,True,16,2000,stratum-01
full,stratum-01-block-07,B/X/late,True,True,29,2044,stratum-01
full,stratum-01-block-07,B/Y/early,True,True,19,2196,stratum-01
full,stratum-01-block-07,B/Y/late,True,True,32,2003,stratum-01
hash50,stratum-01-block-07,A/X/early,True,True,11,1161,stratum-01
hash50,stratum-01-block-07,A/X/late,True,True,16,1211,stratum-01
hash50,stratum-01-block-07,A/Y/early,True,True,12,1164,stratum-01
hash50,stratum-01-block-07,A/Y/late,True,True,13,1149,stratum-01
hash50,stratum-01-block-07,B/X/early,True,True,9,1238,stratum-01
hash50,stratum-01-block-07,B/X/late,True,False,12,565,stratum-01
hash50,stratum-01-block-07,B/Y/early,True,True,11,1629,stratum-01
hash50,stratum-01-block-07,B/Y/late,True,False,12,637,stratum-01
hash75,stratum-01-block-07,A/X/early,True,True,16,1608,stratum-01
hash75,stratum-01-block-07,A/X/late,True,True,23,1716,stratum-01
hash75,stratum-01-block-07,A/Y/early,True,True,19,1581,stratum-01
hash75,stratum-01-block-07,A/Y/late,True,True,19,1729,stratum-01
hash75,stratum-01-block-07,B/X/early,True,True,10,1300,stratum-01
hash75,stratum-01-block-07,B/X/late,True,True,19,1301,stratum-01
hash75,stratum-01-block-07,B/Y/early,True,True,18,2134,stratum-01
hash75,stratum-01-block-07,B/Y/late,True,True,23,1488,stratum-01
middle50,stratum-01-block-07,A/X/early,True,True,11,1046,stratum-01
middle50,stratum-01-block-07,A/X/late,True,True,14,1065,stratum-01
middle50,stratum-01-block-07,A/Y/early,True,False,11,819,stratum-01
middle50,stratum-01-block-07,A/Y/late,True,True,13,1089,stratum-01
middle50,stratum-01-block-07,B/X/early,True,False,8,743,stratum-01
middle50,stratum-01-block-07,B/X/late,True,False,15,996,stratum-01
middle50,stratum-01-block-07,B/Y/early,True,True,9,1106,stratum-01
middle50,stratum-01-block-07,B/Y/late,True,False,16,908,stratum-01
full,stratum-01-block-08,A/X/early,True,True,28,2005,stratum-01
full,stratum-01-block-08,A/X/late,True,True,30,2101,stratum-01
full,stratum-01-block-08,A/Y/early,True,True,33,2021,stratum-01
full,stratum-01-block-08,A/Y/late,True,True,31,2073,stratum-01
full,stratum-01-block-08,B/X/early,True,True,22,2022,stratum-01
full,stratum-01-block-08,B/X/late,True,True,26,2033,stratum-01
full,stratum-01-block-08,B/Y/early,True,True,33,2037,stratum-01
full,stratum-01-block-08,B/Y/late,True,True,31,2002,stratum-01
hash50,stratum-01-block-08,A/X/early,True,False,11,986,stratum-01
hash50,stratum-01-block-08,A/X/late,True,True,14,1072,stratum-01
hash50,stratum-01-block-08,A/Y/early,True,False,15,917,stratum-01
hash50,stratum-01-block-08,A/Y/late,True,True,15,1195,stratum-01
hash50,stratum-01-block-08,B/X/early,True,True,9,1185,stratum-01
hash50,stratum-01-block-08,B/X/late,True,True,12,1102,stratum-01
hash50,stratum-01-block-08,B/Y/early,True,True,20,1116,stratum-01
hash50,stratum-01-block-08,B/Y/late,True,True,18,1225,stratum-01
hash75,stratum-01-block-08,A/X/early,True,True,21,1571,stratum-01
hash75,stratum-01-block-08,A/X/late,True,True,21,1568,stratum-01
hash75,stratum-01-block-08,A/Y/early,True,True,24,1227,stratum-01
hash75,stratum-01-block-08,A/Y/late,True,True,25,1701,stratum-01
hash75,stratum-01-block-08,B/X/early,True,True,19,1868,stratum-01
hash75,stratum-01-block-08,B/X/late,True,True,22,1848,stratum-01
hash75,stratum-01-block-08,B/Y/early,True,True,29,1818,stratum-01
hash75,stratum-01-block-08,B/Y/late,True,True,26,1684,stratum-01
middle50,stratum-01-block-08,A/X/early,True,True,14,1080,stratum-01
middle50,stratum-01-block-08,A/X/late,True,True,15,1169,stratum-01
middle50,stratum-01-block-08,A/Y/early,True,False,17,920,stratum-01
middle50,stratum-01-block-08,A/Y/late,True,True,15,1171,stratum-01
middle50,stratum-01-block-08,B/X/early,True,True,11,1099,stratum-01
middle50,stratum-01-block-08,B/X/late,True,True,13,1044,stratum-01
middle50,stratum-01-block-08,B/Y/early,True,True,17,1113,stratum-01
middle50,stratum-01-block-08,B/Y/late,True,True,15,1043,stratum-01
full,stratum-01-block-09,A/X/early,True,True,16,2063,stratum-01
full,stratum-01-block-09,A/X/late,True,True,15,2156,stratum-01
full,stratum-01-block-09,A/Y/early,True,True,26,2039,stratum-01
full,stratum-01-block-09,A/Y/late,True,True,17,2002,stratum-01
full,stratum-01-block-09,B/X/early,True,True,20,2072,stratum-01
full,stratum-01-block-09,B/X/late,True,True,15,2064,stratum-01
full,stratum-01-block-09,B/Y/early,True,True,21,2255,stratum-01
full,stratum-01-block-09,B/Y/late,True,True,22,2112,stratum-01
hash50,stratum-01-block-09,A/X/early,True,False,9,934,stratum-01
hash50,stratum-01-block-09,A/X/late,True,False,6,972,stratum-01
hash50,stratum-01-block-09,A/Y/early,True,True,15,1070,stratum-01
hash50,stratum-01-block-09,A/Y/late,True,True,10,1296,stratum-01
hash50,stratum-01-block-09,B/X/early,True,True,11,1125,stratum-01
hash50,stratum-01-block-09,B/X/late,True,False,10,892,stratum-01
hash50,stratum-01-block-09,B/Y/early,True,False,6,484,stratum-01
hash50,stratum-01-block-09,B/Y/late,True,False,10,713,stratum-01
hash75,stratum-01-block-09,A/X/early,True,True,12,1441,stratum-01
hash75,stratum-01-block-09,A/X/late,True,True,11,1463,stratum-01
hash75,stratum-01-block-09,A/Y/early,True,True,20,1594,stratum-01
hash75,stratum-01-block-09,A/Y/late,True,True,13,1488,stratum-01
hash75,stratum-01-block-09,B/X/early,True,True,13,1406,stratum-01
hash75,stratum-01-block-09,B/X/late,True,True,13,1369,stratum-01
hash75,stratum-01-block-09,B/Y/early,True,True,14,1595,stratum-01
hash75,stratum-01-block-09,B/Y/late,True,True,18,1628,stratum-01
middle50,stratum-01-block-09,A/X/early,True,True,8,1155,stratum-01
middle50,stratum-01-block-09,A/X/late,True,False,7,1200,stratum-01
middle50,stratum-01-block-09,A/Y/early,True,False,13,893,stratum-01
middle50,stratum-01-block-09,A/Y/late,True,False,9,863,stratum-01
middle50,stratum-01-block-09,B/X/early,True,False,10,885,stratum-01
middle50,stratum-01-block-09,B/X/late,True,False,7,981,stratum-01
middle50,stratum-01-block-09,B/Y/early,True,True,11,1363,stratum-01
middle50,stratum-01-block-09,B/Y/late,True,True,11,1170,stratum-01
full,stratum-01-block-10,A/X/early,True,True,11,2184,stratum-01
full,stratum-01-block-10,A/X/late,True,True,14,2259,stratum-01
full,stratum-01-block-10,A/Y/early,True,True,14,2152,stratum-01
full,stratum-01-block-10,A/Y/late,True,True,18,2178,stratum-01
full,stratum-01-block-10,B/X/early,True,True,22,2004,stratum-01
full,stratum-01-block-10,B/X/late,True,True,8,2141,stratum-01
full,stratum-01-block-10,B/Y/early,True,True,10,2253,stratum-01
full,stratum-01-block-10,B/Y/late,True,True,11,2202,stratum-01
hash50,stratum-01-block-10,A/X/early,True,False,6,1311,stratum-01
hash50,stratum-01-block-10,A/X/late,True,True,9,1269,stratum-01
hash50,stratum-01-block-10,A/Y/early,True,False,4,717,stratum-01
hash50,stratum-01-block-10,A/Y/late,True,False,7,1103,stratum-01
hash50,stratum-01-block-10,B/X/early,True,True,14,1326,stratum-01
hash50,stratum-01-block-10,B/X/late,True,False,4,1220,stratum-01
hash50,stratum-01-block-10,B/Y/early,True,False,6,1249,stratum-01
hash50,stratum-01-block-10,B/Y/late,True,False,5,792,stratum-01
hash75,stratum-01-block-10,A/X/early,True,False,7,1348,stratum-01
hash75,stratum-01-block-10,A/X/late,True,True,11,1740,stratum-01
hash75,stratum-01-block-10,A/Y/early,True,True,9,1542,stratum-01
hash75,stratum-01-block-10,A/Y/late,True,True,11,1474,stratum-01
hash75,stratum-01-block-10,B/X/early,True,True,18,1627,stratum-01
hash75,stratum-01-block-10,B/X/late,True,False,4,1220,stratum-01
hash75,stratum-01-block-10,B/Y/early,True,False,7,1491,stratum-01
hash75,stratum-01-block-10,B/Y/late,True,True,8,1856,stratum-01
middle50,stratum-01-block-10,A/X/early,True,False,5,1426,stratum-01
middle50,stratum-01-block-10,A/X/late,True,False,7,1272,stratum-01
middle50,stratum-01-block-10,A/Y/early,True,False,7,869,stratum-01
middle50,stratum-01-block-10,A/Y/late,True,True,9,1214,stratum-01
middle50,stratum-01-block-10,B/X/early,True,False,11,946,stratum-01
middle50,stratum-01-block-10,B/X/late,True,False,4,1057,stratum-01
middle50,stratum-01-block-10,B/Y/early,True,False,5,1651,stratum-01
middle50,stratum-01-block-10,B/Y/late,True,False,5,1270,stratum-01
full,stratum-02-block-01,A/X/early,True,True,16,2027,stratum-02
full,stratum-02-block-01,A/X/late,True,True,9,2025,stratum-02
full,stratum-02-block-01,A/Y/early,True,True,13,2355,stratum-02
full,stratum-02-block-01,A/Y/late,True,True,21,2012,stratum-02
full,stratum-02-block-01,B/X/early,True,True,17,2062,stratum-02
full,stratum-02-block-01,B/X/late,True,True,13,2059,stratum-02
full,stratum-02-block-01,B/Y/early,True,True,19,2159,stratum-02
full,stratum-02-block-01,B/Y/late,True,True,18,2097,stratum-02
hash50,stratum-02-block-01,A/X/early,True,False,5,975,stratum-02
hash50,stratum-02-block-01,A/X/late,True,False,5,408,stratum-02
hash50,stratum-02-block-01,A/Y/early,True,True,11,1598,stratum-02
hash50,stratum-02-block-01,A/Y/late,True,True,11,1248,stratum-02
hash50,stratum-02-block-01,B/X/early,True,False,5,559,stratum-02
hash50,stratum-02-block-01,B/X/late,True,False,3,340,stratum-02
hash50,stratum-02-block-01,B/Y/early,True,False,9,862,stratum-02
hash50,stratum-02-block-01,B/Y/late,True,True,10,1125,stratum-02
hash75,stratum-02-block-01,A/X/early,True,True,10,1291,stratum-02
hash75,stratum-02-block-01,A/X/late,True,False,7,643,stratum-02
hash75,stratum-02-block-01,A/Y/early,True,True,12,1994,stratum-02
hash75,stratum-02-block-01,A/Y/late,True,True,15,1466,stratum-02
hash75,stratum-02-block-01,B/X/early,True,True,11,1308,stratum-02
hash75,stratum-02-block-01,B/X/late,True,True,9,1490,stratum-02
hash75,stratum-02-block-01,B/Y/early,True,True,13,1115,stratum-02
hash75,stratum-02-block-01,B/Y/late,True,True,14,1563,stratum-02
middle50,stratum-02-block-01,A/X/early,True,True,8,1063,stratum-02
middle50,stratum-02-block-01,A/X/late,True,False,5,1221,stratum-02
middle50,stratum-02-block-01,A/Y/early,True,False,7,1397,stratum-02
middle50,stratum-02-block-01,A/Y/late,True,False,11,964,stratum-02
middle50,stratum-02-block-01,B/X/early,True,True,9,1105,stratum-02
middle50,stratum-02-block-01,B/X/late,True,False,7,925,stratum-02
middle50,stratum-02-block-01,B/Y/early,True,True,9,1218,stratum-02
middle50,stratum-02-block-01,B/Y/late,True,False,9,925,stratum-02
full,stratum-02-block-02,A/X/early,True,True,22,2085,stratum-02
full,stratum-02-block-02,A/X/late,True,True,21,2110,stratum-02
full,stratum-02-block-02,A/Y/early,True,True,30,2130,stratum-02
full,stratum-02-block-02,A/Y/late,True,True,21,2010,stratum-02
full,stratum-02-block-02,B/X/early,True,True,19,2034,stratum-02
full,stratum-02-block-02,B/X/late,True,True,18,2066,stratum-02
full,stratum-02-block-02,B/Y/early,True,True,27,2064,stratum-02
full,stratum-02-block-02,B/Y/late,True,True,21,2005,stratum-02
hash50,stratum-02-block-02,A/X/early,True,False,11,984,stratum-02
hash50,stratum-02-block-02,A/X/late,True,False,10,962,stratum-02
hash50,stratum-02-block-02,A/Y/early,True,True,20,1123,stratum-02
hash50,stratum-02-block-02,A/Y/late,True,True,11,1058,stratum-02
hash50,stratum-02-block-02,B/X/early,True,True,11,1349,stratum-02
hash50,stratum-02-block-02,B/X/late,True,True,9,1327,stratum-02
hash50,stratum-02-block-02,B/Y/early,True,False,15,909,stratum-02
hash50,stratum-02-block-02,B/Y/late,True,True,12,1050,stratum-02
hash75,stratum-02-block-02,A/X/early,True,True,15,1534,stratum-02
hash75,stratum-02-block-02,A/X/late,True,True,15,1413,stratum-02
hash75,stratum-02-block-02,A/Y/early,True,True,23,1439,stratum-02
hash75,stratum-02-block-02,A/Y/late,True,True,17,1504,stratum-02
hash75,stratum-02-block-02,B/X/early,True,True,16,1770,stratum-02
hash75,stratum-02-block-02,B/X/late,True,True,13,1684,stratum-02
hash75,stratum-02-block-02,B/Y/early,True,True,22,1744,stratum-02
hash75,stratum-02-block-02,B/Y/late,True,True,17,1494,stratum-02
middle50,stratum-02-block-02,A/X/early,True,True,11,1227,stratum-02
middle50,stratum-02-block-02,A/X/late,True,True,11,1299,stratum-02
middle50,stratum-02-block-02,A/Y/early,True,False,15,780,stratum-02
middle50,stratum-02-block-02,A/Y/late,True,False,11,786,stratum-02
middle50,stratum-02-block-02,B/X/early,True,False,9,669,stratum-02
middle50,stratum-02-block-02,B/X/late,True,False,9,854,stratum-02
middle50,stratum-02-block-02,B/Y/early,True,False,13,761,stratum-02
middle50,stratum-02-block-02,B/Y/late,True,False,11,888,stratum-02
full,stratum-02-block-03,A/X/early,True,True,19,2258,stratum-02
full,stratum-02-block-03,A/X/late,True,True,27,2162,stratum-02
full,stratum-02-block-03,A/Y/early,True,True,25,2038,stratum-02
full,stratum-02-block-03,A/Y/late,True,True,33,2118,stratum-02
full,stratum-02-block-03,B/X/early,True,True,22,2062,stratum-02
full,stratum-02-block-03,B/X/late,True,True,27,2009,stratum-02
full,stratum-02-block-03,B/Y/early,True,True,31,2059,stratum-02
full,stratum-02-block-03,B/Y/late,True,True,28,2127,stratum-02
hash50,stratum-02-block-03,A/X/early,True,False,9,833,stratum-02
hash50,stratum-02-block-03,A/X/late,True,False,10,998,stratum-02
hash50,stratum-02-block-03,A/Y/early,True,True,17,1430,stratum-02
hash50,stratum-02-block-03,A/Y/late,True,True,19,1429,stratum-02
hash50,stratum-02-block-03,B/X/early,True,True,12,1188,stratum-02
hash50,stratum-02-block-03,B/X/late,True,False,11,778,stratum-02
hash50,stratum-02-block-03,B/Y/early,True,False,14,744,stratum-02
hash50,stratum-02-block-03,B/Y/late,True,True,13,1081,stratum-02
hash75,stratum-02-block-03,A/X/early,True,True,12,1801,stratum-02
hash75,stratum-02-block-03,A/X/late,True,True,18,1515,stratum-02
hash75,stratum-02-block-03,A/Y/early,True,True,20,1707,stratum-02
hash75,stratum-02-block-03,A/Y/late,True,True,25,1657,stratum-02
hash75,stratum-02-block-03,B/X/early,True,True,17,1716,stratum-02
hash75,stratum-02-block-03,B/X/late,True,True,17,1264,stratum-02
hash75,stratum-02-block-03,B/Y/early,True,True,23,1681,stratum-02
hash75,stratum-02-block-03,B/Y/late,True,True,20,1750,stratum-02
middle50,stratum-02-block-03,A/X/early,True,True,9,1111,stratum-02
middle50,stratum-02-block-03,A/X/late,True,False,13,988,stratum-02
middle50,stratum-02-block-03,A/Y/early,True,True,13,1010,stratum-02
middle50,stratum-02-block-03,A/Y/late,True,False,17,985,stratum-02
middle50,stratum-02-block-03,B/X/early,True,True,11,1006,stratum-02
middle50,stratum-02-block-03,B/X/late,True,True,13,1256,stratum-02
middle50,stratum-02-block-03,B/Y/early,True,True,15,1063,stratum-02
middle50,stratum-02-block-03,B/Y/late,True,True,14,1033,stratum-02
full,stratum-02-block-04,A/X/early,True,True,11,2145,stratum-02
full,stratum-02-block-04,A/X/late,True,True,21,2065,stratum-02
full,stratum-02-block-04,A/Y/early,True,True,11,2085,stratum-02
full,stratum-02-block-04,A/Y/late,True,True,9,2098,stratum-02
full,stratum-02-block-04,B/X/early,True,True,10,2089,stratum-02
full,stratum-02-block-04,B/X/late,True,True,11,2237,stratum-02
full,stratum-02-block-04,B/Y/early,True,True,9,2050,stratum-02
full,stratum-02-block-04,B/Y/late,True,True,8,2322,stratum-02
hash50,stratum-02-block-04,A/X/early,True,False,4,665,stratum-02
hash50,stratum-02-block-04,A/X/late,True,False,11,955,stratum-02
hash50,stratum-02-block-04,A/Y/early,True,False,4,1018,stratum-02
hash50,stratum-02-block-04,A/Y/late,True,False,5,1180,stratum-02
hash50,stratum-02-block-04,B/X/early,True,False,5,843,stratum-02
hash50,stratum-02-block-04,B/X/late,True,False,3,354,stratum-02
hash50,stratum-02-block-04,B/Y/early,True,False,5,1284,stratum-02
hash50,stratum-02-block-04,B/Y/late,True,False,4,452,stratum-02
hash75,stratum-02-block-04,A/X/early,True,False,6,957,stratum-02
hash75,stratum-02-block-04,A/X/late,True,True,16,1448,stratum-02
hash75,stratum-02-block-04,A/Y/early,True,False,7,1687,stratum-02
hash75,stratum-02-block-04,A/Y/late,True,False,6,1257,stratum-02
hash75,stratum-02-block-04,B/X/early,True,False,7,1287,stratum-02
hash75,stratum-02-block-04,B/X/late,True,False,7,1718,stratum-02
hash75,stratum-02-block-04,B/Y/early,True,False,7,1551,stratum-02
hash75,stratum-02-block-04,B/Y/late,True,False,4,452,stratum-02
middle50,stratum-02-block-04,A/X/early,True,False,5,934,stratum-02
middle50,stratum-02-block-04,A/X/late,True,True,11,1210,stratum-02
middle50,stratum-02-block-04,A/Y/early,True,False,5,1010,stratum-02
middle50,stratum-02-block-04,A/Y/late,True,False,5,950,stratum-02
middle50,stratum-02-block-04,B/X/early,True,False,5,1026,stratum-02
middle50,stratum-02-block-04,B/X/late,True,False,5,1362,stratum-02
middle50,stratum-02-block-04,B/Y/early,True,False,5,924,stratum-02
middle50,stratum-02-block-04,B/Y/late,True,False,4,676,stratum-02
full,stratum-02-block-05,A/X/early,True,True,18,2031,stratum-02
full,stratum-02-block-05,A/X/late,True,True,15,2069,stratum-02
full,stratum-02-block-05,A/Y/early,True,True,38,2010,stratum-02
full,stratum-02-block-05,A/Y/late,True,True,19,2131,stratum-02
full,stratum-02-block-05,B/X/early,True,True,20,2140,stratum-02
full,stratum-02-block-05,B/X/late,True,True,14,2020,stratum-02
full,stratum-02-block-05,B/Y/early,True,True,29,2037,stratum-02
full,stratum-02-block-05,B/Y/late,True,True,19,2028,stratum-02
hash50,stratum-02-block-05,A/X/early,True,False,8,732,stratum-02
hash50,stratum-02-block-05,A/X/late,True,True,8,1050,stratum-02
hash50,stratum-02-block-05,A/Y/early,True,True,19,1284,stratum-02
hash50,stratum-02-block-05,A/Y/late,True,False,8,775,stratum-02
hash50,stratum-02-block-05,B/X/early,True,False,8,606,stratum-02
hash50,stratum-02-block-05,B/X/late,True,True,8,1300,stratum-02
hash50,stratum-02-block-05,B/Y/early,True,True,15,1058,stratum-02
hash50,stratum-02-block-05,B/Y/late,True,False,9,873,stratum-02
hash75,stratum-02-block-05,A/X/early,True,True,14,1249,stratum-02
hash75,stratum-02-block-05,A/X/late,True,True,13,1714,stratum-02
hash75,stratum-02-block-05,A/Y/early,True,True,28,1641,stratum-02
hash75,stratum-02-block-05,A/Y/late,True,True,12,1081,stratum-02
hash75,stratum-02-block-05,B/X/early,True,True,12,1376,stratum-02
hash75,stratum-02-block-05,B/X/late,True,True,10,1434,stratum-02
hash75,stratum-02-block-05,B/Y/early,True,True,21,1406,stratum-02
hash75,stratum-02-block-05,B/Y/late,True,True,15,1414,stratum-02
middle50,stratum-02-block-05,A/X/early,True,True,9,1519,stratum-02
middle50,stratum-02-block-05,A/X/late,True,False,7,877,stratum-02
middle50,stratum-02-block-05,A/Y/early,True,True,19,1131,stratum-02
middle50,stratum-02-block-05,A/Y/late,True,False,9,778,stratum-02
middle50,stratum-02-block-05,B/X/early,True,True,10,1548,stratum-02
middle50,stratum-02-block-05,B/X/late,True,False,7,879,stratum-02
middle50,stratum-02-block-05,B/Y/early,True,True,15,1198,stratum-02
middle50,stratum-02-block-05,B/Y/late,True,True,9,1244,stratum-02
full,stratum-02-block-06,A/X/early,True,True,21,2136,stratum-02
full,stratum-02-block-06,A/X/late,True,True,21,2127,stratum-02
full,stratum-02-block-06,A/Y/early,True,True,8,2325,stratum-02
full,stratum-02-block-06,A/Y/late,True,True,27,2074,stratum-02
full,stratum-02-block-06,B/X/early,True,True,24,2010,stratum-02
full,stratum-02-block-06,B/X/late,True,True,29,2113,stratum-02
full,stratum-02-block-06,B/Y/early,True,True,21,2165,stratum-02
full,stratum-02-block-06,B/Y/late,True,True,22,2011,stratum-02
hash50,stratum-02-block-06,A/X/early,True,False,6,811,stratum-02
hash50,stratum-02-block-06,A/X/late,True,False,6,760,stratum-02
hash50,stratum-02-block-06,A/Y/early,True,False,3,958,stratum-02
hash50,stratum-02-block-06,A/Y/late,True,True,15,1152,stratum-02
hash50,stratum-02-block-06,B/X/early,True,True,10,1056,stratum-02
hash50,stratum-02-block-06,B/X/late,True,True,17,1336,stratum-02
hash50,stratum-02-block-06,B/Y/early,True,False,10,912,stratum-02
hash50,stratum-02-block-06,B/Y/late,True,True,15,1361,stratum-02
hash75,stratum-02-block-06,A/X/early,True,True,13,1229,stratum-02
hash75,stratum-02-block-06,A/X/late,True,True,13,1354,stratum-02
hash75,stratum-02-block-06,A/Y/early,True,False,5,1773,stratum-02
hash75,stratum-02-block-06,A/Y/late,True,True,19,1424,stratum-02
hash75,stratum-02-block-06,B/X/early,True,True,18,1644,stratum-02
hash75,stratum-02-block-06,B/X/late,True,True,22,1742,stratum-02
hash75,stratum-02-block-06,B/Y/early,True,True,16,1519,stratum-02
hash75,stratum-02-block-06,B/Y/late,True,True,17,1632,stratum-02
middle50,stratum-02-block-06,A/X/early,True,True,11,1532,stratum-02
middle50,stratum-02-block-06,A/X/late,True,True,11,1155,stratum-02
middle50,stratum-02-block-06,A/Y/early,True,False,4,852,stratum-02
middle50,stratum-02-block-06,A/Y/late,True,False,13,961,stratum-02
middle50,stratum-02-block-06,B/X/early,True,False,12,975,stratum-02
middle50,stratum-02-block-06,B/X/late,True,True,15,1327,stratum-02
middle50,stratum-02-block-06,B/Y/early,True,True,11,1412,stratum-02
middle50,stratum-02-block-06,B/Y/late,True,True,11,1054,stratum-02
full,stratum-02-block-07,A/X/early,True,True,36,2018,stratum-02
full,stratum-02-block-07,A/X/late,True,True,31,2072,stratum-02
full,stratum-02-block-07,A/Y/early,True,True,41,2053,stratum-02
full,stratum-02-block-07,A/Y/late,True,True,39,2113,stratum-02
full,stratum-02-block-07,B/X/early,True,True,44,2038,stratum-02
full,stratum-02-block-07,B/X/late,True,True,39,2016,stratum-02
full,stratum-02-block-07,B/Y/early,True,True,36,2028,stratum-02
full,stratum-02-block-07,B/Y/late,True,True,50,2050,stratum-02
hash50,stratum-02-block-07,A/X/early,True,True,18,1029,stratum-02
hash50,stratum-02-block-07,A/X/late,True,True,14,1014,stratum-02
hash50,stratum-02-block-07,A/Y/early,True,True,26,1158,stratum-02
hash50,stratum-02-block-07,A/Y/late,True,False,17,997,stratum-02
hash50,stratum-02-block-07,B/X/early,True,True,21,1059,stratum-02
hash50,stratum-02-block-07,B/X/late,True,True,22,1211,stratum-02
hash50,stratum-02-block-07,B/Y/early,True,True,22,1216,stratum-02
hash50,stratum-02-block-07,B/Y/late,True,True,27,1104,stratum-02
hash75,stratum-02-block-07,A/X/early,True,True,27,1563,stratum-02
hash75,stratum-02-block-07,A/X/late,True,True,21,1560,stratum-02
hash75,stratum-02-block-07,A/Y/early,True,True,31,1524,stratum-02
hash75,stratum-02-block-07,A/Y/late,True,True,29,1535,stratum-02
hash75,stratum-02-block-07,B/X/early,True,True,29,1410,stratum-02
hash75,stratum-02-block-07,B/X/late,True,True,31,1646,stratum-02
hash75,stratum-02-block-07,B/Y/early,True,True,27,1583,stratum-02
hash75,stratum-02-block-07,B/Y/late,True,True,40,1753,stratum-02
middle50,stratum-02-block-07,A/X/early,True,True,18,1129,stratum-02
middle50,stratum-02-block-07,A/X/late,True,True,15,1115,stratum-02
middle50,stratum-02-block-07,A/Y/early,True,True,21,1073,stratum-02
middle50,stratum-02-block-07,A/Y/late,True,False,19,948,stratum-02
middle50,stratum-02-block-07,B/X/early,True,True,22,1145,stratum-02
middle50,stratum-02-block-07,B/X/late,True,True,19,1015,stratum-02
middle50,stratum-02-block-07,B/Y/early,True,False,18,983,stratum-02
middle50,stratum-02-block-07,B/Y/late,True,True,25,1180,stratum-02
full,stratum-02-block-08,A/X/early,True,True,26,2041,stratum-02
full,stratum-02-block-08,A/X/late,True,True,38,2077,stratum-02
full,stratum-02-block-08,A/Y/early,True,True,27,2124,stratum-02
full,stratum-02-block-08,A/Y/late,True,True,40,2035,stratum-02
full,stratum-02-block-08,B/X/early,True,True,31,2003,stratum-02
full,stratum-02-block-08,B/X/late,True,True,40,2123,stratum-02
full,stratum-02-block-08,B/Y/early,True,True,35,2126,stratum-02
full,stratum-02-block-08,B/Y/late,True,True,28,2169,stratum-02
hash50,stratum-02-block-08,A/X/early,True,False,13,992,stratum-02
hash50,stratum-02-block-08,A/X/late,True,True,20,1185,stratum-02
hash50,stratum-02-block-08,A/Y/early,True,True,16,1112,stratum-02
hash50,stratum-02-block-08,A/Y/late,True,False,15,956,stratum-02
hash50,stratum-02-block-08,B/X/early,True,True,12,1216,stratum-02
hash50,stratum-02-block-08,B/X/late,True,False,19,756,stratum-02
hash50,stratum-02-block-08,B/Y/early,True,True,19,1325,stratum-02
hash50,stratum-02-block-08,B/Y/late,True,True,12,1302,stratum-02
hash75,stratum-02-block-08,A/X/early,True,True,19,1588,stratum-02
hash75,stratum-02-block-08,A/X/late,True,True,23,1369,stratum-02
hash75,stratum-02-block-08,A/Y/early,True,True,21,1721,stratum-02
hash75,stratum-02-block-08,A/Y/late,True,True,28,1557,stratum-02
hash75,stratum-02-block-08,B/X/early,True,True,20,1560,stratum-02
hash75,stratum-02-block-08,B/X/late,True,True,27,1229,stratum-02
hash75,stratum-02-block-08,B/Y/early,True,True,29,1778,stratum-02
hash75,stratum-02-block-08,B/Y/late,True,True,20,1819,stratum-02
middle50,stratum-02-block-08,A/X/early,True,False,13,987,stratum-02
middle50,stratum-02-block-08,A/X/late,True,True,19,1110,stratum-02
middle50,stratum-02-block-08,A/Y/early,True,False,13,966,stratum-02
middle50,stratum-02-block-08,A/Y/late,True,False,20,858,stratum-02
middle50,stratum-02-block-08,B/X/early,True,False,15,699,stratum-02
middle50,stratum-02-block-08,B/X/late,True,True,20,1261,stratum-02
middle50,stratum-02-block-08,B/Y/early,True,False,17,742,stratum-02
middle50,stratum-02-block-08,B/Y/late,True,True,14,1324,stratum-02
full,stratum-02-block-09,A/X/early,True,True,35,2051,stratum-02
full,stratum-02-block-09,A/X/late,True,True,11,2160,stratum-02
full,stratum-02-block-09,A/Y/early,True,True,26,2199,stratum-02
full,stratum-02-block-09,A/Y/late,True,True,27,2018,stratum-02
full,stratum-02-block-09,B/X/early,True,True,35,2014,stratum-02
full,stratum-02-block-09,B/X/late,True,True,28,2049,stratum-02
full,stratum-02-block-09,B/Y/early,True,True,29,2034,stratum-02
full,stratum-02-block-09,B/Y/late,True,True,32,2077,stratum-02
hash50,stratum-02-block-09,A/X/early,True,True,19,1087,stratum-02
hash50,stratum-02-block-09,A/X/late,True,False,6,1513,stratum-02
hash50,stratum-02-block-09,A/Y/early,True,True,15,1237,stratum-02
hash50,stratum-02-block-09,A/Y/late,True,True,18,1343,stratum-02
hash50,stratum-02-block-09,B/X/early,True,False,15,796,stratum-02
hash50,stratum-02-block-09,B/X/late,True,True,19,1389,stratum-02
hash50,stratum-02-block-09,B/Y/early,True,False,15,942,stratum-02
hash50,stratum-02-block-09,B/Y/late,True,True,14,1122,stratum-02
hash75,stratum-02-block-09,A/X/early,True,True,27,1524,stratum-02
hash75,stratum-02-block-09,A/X/late,True,True,10,1978,stratum-02
hash75,stratum-02-block-09,A/Y/early,True,True,20,1782,stratum-02
hash75,stratum-02-block-09,A/Y/late,True,True,21,1506,stratum-02
hash75,stratum-02-block-09,B/X/early,True,True,22,1265,stratum-02
hash75,stratum-02-block-09,B/X/late,True,True,24,1735,stratum-02
hash75,stratum-02-block-09,B/Y/early,True,True,24,1519,stratum-02
hash75,stratum-02-block-09,B/Y/late,True,True,23,1572,stratum-02
middle50,stratum-02-block-09,A/X/early,True,True,17,1036,stratum-02
middle50,stratum-02-block-09,A/X/late,True,False,5,1720,stratum-02
middle50,stratum-02-block-09,A/Y/early,True,True,13,1057,stratum-02
middle50,stratum-02-block-09,A/Y/late,True,False,13,700,stratum-02
middle50,stratum-02-block-09,B/X/early,True,False,17,883,stratum-02
middle50,stratum-02-block-09,B/X/late,True,True,14,1119,stratum-02
middle50,stratum-02-block-09,B/Y/early,True,False,15,851,stratum-02
middle50,stratum-02-block-09,B/Y/late,True,True,16,1348,stratum-02
full,stratum-02-block-10,A/X/early,True,True,29,2112,stratum-02
full,stratum-02-block-10,A/X/late,True,True,10,2015,stratum-02
full,stratum-02-block-10,A/Y/early,True,True,20,2012,stratum-02
full,stratum-02-block-10,A/Y/late,True,True,15,2136,stratum-02
full,stratum-02-block-10,B/X/early,True,True,15,2331,stratum-02
full,stratum-02-block-10,B/X/late,True,True,17,2087,stratum-02
full,stratum-02-block-10,B/Y/early,True,True,22,2052,stratum-02
full,stratum-02-block-10,B/Y/late,True,True,13,2025,stratum-02
hash50,stratum-02-block-10,A/X/early,True,True,14,1051,stratum-02
hash50,stratum-02-block-10,A/X/late,True,False,4,938,stratum-02
hash50,stratum-02-block-10,A/Y/early,True,False,6,551,stratum-02
hash50,stratum-02-block-10,A/Y/late,True,True,8,1215,stratum-02
hash50,stratum-02-block-10,B/X/early,True,False,5,571,stratum-02
hash50,stratum-02-block-10,B/X/late,True,True,9,1046,stratum-02
hash50,stratum-02-block-10,B/Y/early,True,True,12,1102,stratum-02
hash50,stratum-02-block-10,B/Y/late,True,False,3,798,stratum-02
hash75,stratum-02-block-10,A/X/early,True,True,20,1619,stratum-02
hash75,stratum-02-block-10,A/X/late,True,False,7,1420,stratum-02
hash75,stratum-02-block-10,A/Y/early,True,True,13,1421,stratum-02
hash75,stratum-02-block-10,A/Y/late,True,True,11,1657,stratum-02
hash75,stratum-02-block-10,B/X/early,True,True,11,1075,stratum-02
hash75,stratum-02-block-10,B/X/late,True,True,13,1490,stratum-02
hash75,stratum-02-block-10,B/Y/early,True,True,21,1904,stratum-02
hash75,stratum-02-block-10,B/Y/late,True,True,8,1659,stratum-02
middle50,stratum-02-block-10,A/X/early,True,True,15,1126,stratum-02
middle50,stratum-02-block-10,A/X/late,True,False,5,1242,stratum-02
middle50,stratum-02-block-10,A/Y/early,True,True,10,1216,stratum-02
middle50,stratum-02-block-10,A/Y/late,True,False,7,1284,stratum-02
middle50,stratum-02-block-10,B/X/early,True,False,7,1565,stratum-02
middle50,stratum-02-block-10,B/X/late,True,False,9,981,stratum-02
middle50,stratum-02-block-10,B/Y/early,True,True,11,1328,stratum-02
middle50,stratum-02-block-10,B/Y/late,True,False,7,1229,stratum-02
full,stratum-03-block-01,A/X/early,True,True,17,2520,stratum-03
full,stratum-03-block-01,A/X/late,True,True,14,2006,stratum-03
full,stratum-03-block-01,A/Y/early,True,True,24,2532,stratum-03
full,stratum-03-block-01,A/Y/late,True,True,23,2057,stratum-03
full,stratum-03-block-01,B/X/early,True,True,14,2002,stratum-03
full,stratum-03-block-01,B/X/late,True,True,16,2000,stratum-03
full,stratum-03-block-01,B/Y/early,True,True,30,2112,stratum-03
full,stratum-03-block-01,B/Y/late,True,True,23,2844,stratum-03
hash50,stratum-03-block-01,A/X/early,True,False,10,842,stratum-03
hash50,stratum-03-block-01,A/X/late,True,False,4,197,stratum-03
hash50,stratum-03-block-01,A/Y/early,True,True,15,2070,stratum-03
hash50,stratum-03-block-01,A/Y/late,True,True,13,1185,stratum-03
hash50,stratum-03-block-01,B/X/early,True,False,5,1014,stratum-03
hash50,stratum-03-block-01,B/X/late,True,True,11,1845,stratum-03
hash50,stratum-03-block-01,B/Y/early,True,False,15,956,stratum-03
hash50,stratum-03-block-01,B/Y/late,True,False,10,755,stratum-03
hash75,stratum-03-block-01,A/X/early,True,True,14,1512,stratum-03
hash75,stratum-03-block-01,A/X/late,True,True,11,1669,stratum-03
hash75,stratum-03-block-01,A/Y/early,True,True,20,2366,stratum-03
hash75,stratum-03-block-01,A/Y/late,True,True,20,1816,stratum-03
hash75,stratum-03-block-01,B/X/early,True,True,10,1572,stratum-03
hash75,stratum-03-block-01,B/X/late,True,True,13,1916,stratum-03
hash75,stratum-03-block-01,B/Y/early,True,True,20,1404,stratum-03
hash75,stratum-03-block-01,B/Y/late,True,True,16,1051,stratum-03
middle50,stratum-03-block-01,A/X/early,True,True,9,1872,stratum-03
middle50,stratum-03-block-01,A/X/late,True,False,7,1066,stratum-03
middle50,stratum-03-block-01,A/Y/early,True,True,12,1730,stratum-03
middle50,stratum-03-block-01,A/Y/late,True,False,11,804,stratum-03
middle50,stratum-03-block-01,B/X/early,True,False,7,857,stratum-03
middle50,stratum-03-block-01,B/X/late,True,True,8,1149,stratum-03
middle50,stratum-03-block-01,B/Y/early,True,True,15,1194,stratum-03
middle50,stratum-03-block-01,B/Y/late,True,True,11,1973,stratum-03
full,stratum-03-block-02,A/X/early,True,True,30,2014,stratum-03
full,stratum-03-block-02,A/X/late,True,True,18,2037,stratum-03
full,stratum-03-block-02,A/Y/early,True,True,24,2069,stratum-03
full,stratum-03-block-02,A/Y/late,True,True,25,2057,stratum-03
full,stratum-03-block-02,B/X/early,True,True,27,2046,stratum-03
full,stratum-03-block-02,B/X/late,True,True,23,2043,stratum-03
full,stratum-03-block-02,B/Y/early,True,True,25,2006,stratum-03
full,stratum-03-block-02,B/Y/late,True,True,28,2194,stratum-03
hash50,stratum-03-block-02,A/X/early,True,True,16,1150,stratum-03
hash50,stratum-03-block-02,A/X/late,True,False,6,935,stratum-03
hash50,stratum-03-block-02,A/Y/early,True,False,15,886,stratum-03
hash50,stratum-03-block-02,A/Y/late,True,False,10,697,stratum-03
hash50,stratum-03-block-02,B/X/early,True,True,17,1302,stratum-03
hash50,stratum-03-block-02,B/X/late,True,True,12,1055,stratum-03
hash50,stratum-03-block-02,B/Y/early,True,False,11,650,stratum-03
hash50,stratum-03-block-02,B/Y/late,True,True,16,1304,stratum-03
hash75,stratum-03-block-02,A/X/early,True,True,23,1527,stratum-03
hash75,stratum-03-block-02,A/X/late,True,True,13,1673,stratum-03
hash75,stratum-03-block-02,A/Y/early,True,True,20,1668,stratum-03
hash75,stratum-03-block-02,A/Y/late,True,True,20,1217,stratum-03
hash75,stratum-03-block-02,B/X/early,True,True,23,1770,stratum-03
hash75,stratum-03-block-02,B/X/late,True,True,17,1427,stratum-03
hash75,stratum-03-block-02,B/Y/early,True,True,19,1577,stratum-03
hash75,stratum-03-block-02,B/Y/late,True,True,23,1978,stratum-03
middle50,stratum-03-block-02,A/X/early,True,True,15,1128,stratum-03
middle50,stratum-03-block-02,A/X/late,True,False,9,997,stratum-03
middle50,stratum-03-block-02,A/Y/early,True,True,12,1125,stratum-03
middle50,stratum-03-block-02,A/Y/late,True,False,13,968,stratum-03
middle50,stratum-03-block-02,B/X/early,True,False,13,953,stratum-03
middle50,stratum-03-block-02,B/X/late,True,False,11,798,stratum-03
middle50,stratum-03-block-02,B/Y/early,True,False,13,948,stratum-03
middle50,stratum-03-block-02,B/Y/late,True,True,14,1394,stratum-03
full,stratum-03-block-03,A/X/early,True,True,13,2009,stratum-03
full,stratum-03-block-03,A/X/late,True,True,16,2101,stratum-03
full,stratum-03-block-03,A/Y/early,True,True,12,2059,stratum-03
full,stratum-03-block-03,A/Y/late,True,True,10,2084,stratum-03
full,stratum-03-block-03,B/X/early,True,True,16,2041,stratum-03
full,stratum-03-block-03,B/X/late,True,True,12,2039,stratum-03
full,stratum-03-block-03,B/Y/early,True,True,16,2182,stratum-03
full,stratum-03-block-03,B/Y/late,True,True,18,2468,stratum-03
hash50,stratum-03-block-03,A/X/early,True,False,8,940,stratum-03
hash50,stratum-03-block-03,A/X/late,True,False,5,525,stratum-03
hash50,stratum-03-block-03,A/Y/early,True,False,4,526,stratum-03
hash50,stratum-03-block-03,A/Y/late,True,False,7,1455,stratum-03
hash50,stratum-03-block-03,B/X/early,True,False,7,895,stratum-03
hash50,stratum-03-block-03,B/X/late,True,False,6,675,stratum-03
hash50,stratum-03-block-03,B/Y/early,True,False,9,855,stratum-03
hash50,stratum-03-block-03,B/Y/late,True,True,9,1158,stratum-03
hash75,stratum-03-block-03,A/X/early,True,True,10,1516,stratum-03
hash75,stratum-03-block-03,A/X/late,True,False,10,844,stratum-03
hash75,stratum-03-block-03,A/Y/early,True,True,9,1353,stratum-03
hash75,stratum-03-block-03,A/Y/late,True,True,9,1766,stratum-03
hash75,stratum-03-block-03,B/X/early,True,True,11,1252,stratum-03
hash75,stratum-03-block-03,B/X/late,True,True,10,1644,stratum-03
hash75,stratum-03-block-03,B/Y/early,True,True,12,1515,stratum-03
hash75,stratum-03-block-03,B/Y/late,True,True,12,1504,stratum-03
middle50,stratum-03-block-03,A/X/early,True,False,7,1217,stratum-03
middle50,stratum-03-block-03,A/X/late,True,True,8,1513,stratum-03
middle50,stratum-03-block-03,A/Y/early,True,False,6,1303,stratum-03
middle50,stratum-03-block-03,A/Y/late,True,False,5,1276,stratum-03
middle50,stratum-03-block-03,B/X/early,True,True,8,1041,stratum-03
middle50,stratum-03-block-03,B/X/late,True,False,6,1135,stratum-03
middle50,stratum-03-block-03,B/Y/early,True,True,8,1406,stratum-03
middle50,stratum-03-block-03,B/Y/late,True,True,9,1401,stratum-03
full,stratum-03-block-04,A/X/early,True,True,25,2032,stratum-03
full,stratum-03-block-04,A/X/late,True,True,34,2217,stratum-03
full,stratum-03-block-04,A/Y/early,True,True,26,2066,stratum-03
full,stratum-03-block-04,A/Y/late,True,True,26,2033,stratum-03
full,stratum-03-block-04,B/X/early,True,True,13,2521,stratum-03
full,stratum-03-block-04,B/X/late,True,True,29,2089,stratum-03
full,stratum-03-block-04,B/Y/early,True,True,25,2183,stratum-03
full,stratum-03-block-04,B/Y/late,True,True,18,2106,stratum-03
hash50,stratum-03-block-04,A/X/early,True,False,11,626,stratum-03
hash50,stratum-03-block-04,A/X/late,True,False,13,815,stratum-03
hash50,stratum-03-block-04,A/Y/early,True,False,12,919,stratum-03
hash50,stratum-03-block-04,A/Y/late,True,False,11,835,stratum-03
hash50,stratum-03-block-04,B/X/early,True,True,8,1139,stratum-03
hash50,stratum-03-block-04,B/X/late,True,True,18,1145,stratum-03
hash50,stratum-03-block-04,B/Y/early,True,False,10,560,stratum-03
hash50,stratum-03-block-04,B/Y/late,True,True,8,1068,stratum-03
hash75,stratum-03-block-04,A/X/early,True,True,20,1429,stratum-03
hash75,stratum-03-block-04,A/X/late,True,True,24,1592,stratum-03
hash75,stratum-03-block-04,A/Y/early,True,True,19,1435,stratum-03
hash75,stratum-03-block-04,A/Y/late,True,True,21,1613,stratum-03
hash75,stratum-03-block-04,B/X/early,True,True,12,2263,stratum-03
hash75,stratum-03-block-04,B/X/late,True,True,23,1733,stratum-03
hash75,stratum-03-block-04,B/Y/early,True,True,18,1542,stratum-03
hash75,stratum-03-block-04,B/Y/late,True,True,16,1989,stratum-03
middle50,stratum-03-block-04,A/X/early,True,True,13,1337,stratum-03
middle50,stratum-03-block-04,A/X/late,True,True,17,1298,stratum-03
middle50,stratum-03-block-04,A/Y/early,True,True,13,1033,stratum-03
middle50,stratum-03-block-04,A/Y/late,True,False,13,961,stratum-03
middle50,stratum-03-block-04,B/X/early,True,False,7,1263,stratum-03
middle50,stratum-03-block-04,B/X/late,True,True,15,1026,stratum-03
middle50,stratum-03-block-04,B/Y/early,True,True,13,1193,stratum-03
middle50,stratum-03-block-04,B/Y/late,True,False,9,823,stratum-03
full,stratum-03-block-05,A/X/early,True,True,30,2010,stratum-03
full,stratum-03-block-05,A/X/late,True,True,36,2022,stratum-03
full,stratum-03-block-05,A/Y/early,True,True,27,2020,stratum-03
full,stratum-03-block-05,A/Y/late,True,True,34,2000,stratum-03
full,stratum-03-block-05,B/X/early,True,True,34,2095,stratum-03
full,stratum-03-block-05,B/X/late,True,True,44,2013,stratum-03
full,stratum-03-block-05,B/Y/early,True,True,40,2111,stratum-03
full,stratum-03-block-05,B/Y/late,True,True,48,2015,stratum-03
hash50,stratum-03-block-05,A/X/early,True,True,19,1255,stratum-03
hash50,stratum-03-block-05,A/X/late,True,False,17,780,stratum-03
hash50,stratum-03-block-05,A/Y/early,True,False,11,883,stratum-03
hash50,stratum-03-block-05,A/Y/late,True,True,23,1378,stratum-03
hash50,stratum-03-block-05,B/X/early,True,False,15,721,stratum-03
hash50,stratum-03-block-05,B/X/late,True,True,21,1008,stratum-03
hash50,stratum-03-block-05,B/Y/early,True,False,18,951,stratum-03
hash50,stratum-03-block-05,B/Y/late,True,False,23,954,stratum-03
hash75,stratum-03-block-05,A/X/early,True,True,23,1623,stratum-03
hash75,stratum-03-block-05,A/X/late,True,True,31,1756,stratum-03
hash75,stratum-03-block-05,A/Y/early,True,True,20,1596,stratum-03
hash75,stratum-03-block-05,A/Y/late,True,True,27,1542,stratum-03
hash75,stratum-03-block-05,B/X/early,True,True,25,1394,stratum-03
hash75,stratum-03-block-05,B/X/late,True,True,37,1727,stratum-03
hash75,stratum-03-block-05,B/Y/early,True,True,28,1569,stratum-03
hash75,stratum-03-block-05,B/Y/late,True,True,36,1463,stratum-03
middle50,stratum-03-block-05,A/X/early,True,False,15,929,stratum-03
middle50,stratum-03-block-05,A/X/late,True,True,18,1036,stratum-03
middle50,stratum-03-block-05,A/Y/early,True,True,13,1004,stratum-03
middle50,stratum-03-block-05,A/Y/late,True,True,17,1112,stratum-03
middle50,stratum-03-block-05,B/X/early,True,True,17,1035,stratum-03
middle50,stratum-03-block-05,B/X/late,True,True,22,1017,stratum-03
middle50,stratum-03-block-05,B/Y/early,True,True,20,1204,stratum-03
middle50,stratum-03-block-05,B/Y/late,True,False,24,970,stratum-03
full,stratum-03-block-06,A/X/early,True,True,24,2006,stratum-03
full,stratum-03-block-06,A/X/late,True,True,23,2190,stratum-03
full,stratum-03-block-06,A/Y/early,True,True,43,2002,stratum-03
full,stratum-03-block-06,A/Y/late,True,True,25,2241,stratum-03
full,stratum-03-block-06,B/X/early,True,True,24,2009,stratum-03
full,stratum-03-block-06,B/X/late,True,True,27,2036,stratum-03
full,stratum-03-block-06,B/Y/early,True,True,39,2082,stratum-03
full,stratum-03-block-06,B/Y/late,True,True,36,2005,stratum-03
hash50,stratum-03-block-06,A/X/early,True,True,13,1233,stratum-03
hash50,stratum-03-block-06,A/X/late,True,False,4,281,stratum-03
hash50,stratum-03-block-06,A/Y/early,True,True,23,1002,stratum-03
hash50,stratum-03-block-06,A/Y/late,True,True,14,1149,stratum-03
hash50,stratum-03-block-06,B/X/early,True,True,14,1387,stratum-03
hash50,stratum-03-block-06,B/X/late,True,True,17,1350,stratum-03
hash50,stratum-03-block-06,B/Y/early,True,True,20,1223,stratum-03
hash50,stratum-03-block-06,B/Y/late,True,True,20,1139,stratum-03
hash75,stratum-03-block-06,A/X/early,True,True,19,1697,stratum-03
hash75,stratum-03-block-06,A/X/late,True,True,18,1709,stratum-03
hash75,stratum-03-block-06,A/Y/early,True,True,30,1399,stratum-03
hash75,stratum-03-block-06,A/Y/late,True,True,19,1564,stratum-03
hash75,stratum-03-block-06,B/X/early,True,True,19,1774,stratum-03
hash75,stratum-03-block-06,B/X/late,True,True,23,1601,stratum-03
hash75,stratum-03-block-06,B/Y/early,True,True,28,1568,stratum-03
hash75,stratum-03-block-06,B/Y/late,True,True,32,1826,stratum-03
middle50,stratum-03-block-06,A/X/early,True,True,12,1167,stratum-03
middle50,stratum-03-block-06,A/X/late,True,True,11,1052,stratum-03
middle50,stratum-03-block-06,A/Y/early,True,True,21,1101,stratum-03
middle50,stratum-03-block-06,A/Y/late,True,True,13,1398,stratum-03
middle50,stratum-03-block-06,B/X/early,True,False,12,868,stratum-03
middle50,stratum-03-block-06,B/X/late,True,True,13,1040,stratum-03
middle50,stratum-03-block-06,B/Y/early,True,True,19,1051,stratum-03
middle50,stratum-03-block-06,B/Y/late,True,False,18,981,stratum-03
full,stratum-03-block-07,A/X/early,True,True,13,2008,stratum-03
full,stratum-03-block-07,A/X/late,True,True,24,2030,stratum-03
full,stratum-03-block-07,A/Y/early,True,True,20,2058,stratum-03
full,stratum-03-block-07,A/Y/late,True,True,31,2070,stratum-03
full,stratum-03-block-07,B/X/early,True,True,24,2221,stratum-03
full,stratum-03-block-07,B/X/late,True,True,26,2304,stratum-03
full,stratum-03-block-07,B/Y/early,True,True,20,2041,stratum-03
full,stratum-03-block-07,B/Y/late,True,True,34,2019,stratum-03
hash50,stratum-03-block-07,A/X/early,True,False,6,470,stratum-03
hash50,stratum-03-block-07,A/X/late,True,False,11,747,stratum-03
hash50,stratum-03-block-07,A/Y/early,True,True,12,1161,stratum-03
hash50,stratum-03-block-07,A/Y/late,True,True,18,1253,stratum-03
hash50,stratum-03-block-07,B/X/early,True,True,14,1349,stratum-03
hash50,stratum-03-block-07,B/X/late,True,True,13,1366,stratum-03
hash50,stratum-03-block-07,B/Y/early,True,False,7,610,stratum-03
hash50,stratum-03-block-07,B/Y/late,True,True,20,1218,stratum-03
hash75,stratum-03-block-07,A/X/early,True,True,13,2008,stratum-03
hash75,stratum-03-block-07,A/X/late,True,True,18,1318,stratum-03
hash75,stratum-03-block-07,A/Y/early,True,True,17,1764,stratum-03
hash75,stratum-03-block-07,A/Y/late,True,True,24,1719,stratum-03
hash75,stratum-03-block-07,B/X/early,True,True,20,1965,stratum-03
hash75,stratum-03-block-07,B/X/late,True,True,23,1904,stratum-03
hash75,stratum-03-block-07,B/Y/early,True,True,15,1196,stratum-03
hash75,stratum-03-block-07,B/Y/late,True,True,26,1545,stratum-03
middle50,stratum-03-block-07,A/X/early,True,False,7,1094,stratum-03
middle50,stratum-03-block-07,A/X/late,True,True,12,1153,stratum-03
middle50,stratum-03-block-07,A/Y/early,True,True,10,1059,stratum-03
middle50,stratum-03-block-07,A/Y/late,True,True,15,1051,stratum-03
middle50,stratum-03-block-07,B/X/early,True,True,12,1287,stratum-03
middle50,stratum-03-block-07,B/X/late,True,True,13,1141,stratum-03
middle50,stratum-03-block-07,B/Y/early,True,False,10,910,stratum-03
middle50,stratum-03-block-07,B/Y/late,True,True,17,1007,stratum-03
full,stratum-03-block-08,A/X/early,True,True,22,2057,stratum-03
full,stratum-03-block-08,A/X/late,True,True,27,2059,stratum-03
full,stratum-03-block-08,A/Y/early,True,True,18,2095,stratum-03
full,stratum-03-block-08,A/Y/late,True,True,20,2017,stratum-03
full,stratum-03-block-08,B/X/early,True,True,34,2141,stratum-03
full,stratum-03-block-08,B/X/late,True,True,31,2081,stratum-03
full,stratum-03-block-08,B/Y/early,True,True,22,2052,stratum-03
full,stratum-03-block-08,B/Y/late,True,True,17,2013,stratum-03
hash50,stratum-03-block-08,A/X/early,True,False,12,871,stratum-03
hash50,stratum-03-block-08,A/X/late,True,True,20,1461,stratum-03
hash50,stratum-03-block-08,A/Y/early,True,True,9,1061,stratum-03
hash50,stratum-03-block-08,A/Y/late,True,True,11,1148,stratum-03
hash50,stratum-03-block-08,B/X/early,True,True,17,1358,stratum-03
hash50,stratum-03-block-08,B/X/late,True,True,18,1219,stratum-03
hash50,stratum-03-block-08,B/Y/early,True,True,13,1405,stratum-03
hash50,stratum-03-block-08,B/Y/late,True,True,12,1307,stratum-03
hash75,stratum-03-block-08,A/X/early,True,True,14,1013,stratum-03
hash75,stratum-03-block-08,A/X/late,True,True,23,1686,stratum-03
hash75,stratum-03-block-08,A/Y/early,True,True,13,1366,stratum-03
hash75,stratum-03-block-08,A/Y/late,True,True,15,1433,stratum-03
hash75,stratum-03-block-08,B/X/early,True,True,28,1872,stratum-03
hash75,stratum-03-block-08,B/X/late,True,True,22,1508,stratum-03
hash75,stratum-03-block-08,B/Y/early,True,True,18,1731,stratum-03
hash75,stratum-03-block-08,B/Y/late,True,True,16,1784,stratum-03
middle50,stratum-03-block-08,A/X/early,True,False,11,819,stratum-03
middle50,stratum-03-block-08,A/X/late,True,False,13,755,stratum-03
middle50,stratum-03-block-08,A/Y/early,True,True,9,1014,stratum-03
middle50,stratum-03-block-08,A/Y/late,True,True,10,1165,stratum-03
middle50,stratum-03-block-08,B/X/early,True,True,17,1252,stratum-03
middle50,stratum-03-block-08,B/X/late,True,True,15,1232,stratum-03
middle50,stratum-03-block-08,B/Y/early,True,True,11,1162,stratum-03
middle50,stratum-03-block-08,B/Y/late,True,True,9,1360,stratum-03
full,stratum-03-block-09,A/X/early,True,True,28,2017,stratum-03
full,stratum-03-block-09,A/X/late,True,True,21,2030,stratum-03
full,stratum-03-block-09,A/Y/early,True,True,30,2013,stratum-03
full,stratum-03-block-09,A/Y/late,True,True,15,2044,stratum-03
full,stratum-03-block-09,B/X/early,True,True,16,2002,stratum-03
full,stratum-03-block-09,B/X/late,True,True,23,2059,stratum-03
full,stratum-03-block-09,B/Y/early,True,True,39,2037,stratum-03
full,stratum-03-block-09,B/Y/late,True,True,15,2341,stratum-03
hash50,stratum-03-block-09,A/X/early,True,True,16,1105,stratum-03
hash50,stratum-03-block-09,A/X/late,True,True,11,1242,stratum-03
hash50,stratum-03-block-09,A/Y/early,True,False,10,563,stratum-03
hash50,stratum-03-block-09,A/Y/late,True,False,10,858,stratum-03
hash50,stratum-03-block-09,B/X/early,True,False,5,317,stratum-03
hash50,stratum-03-block-09,B/X/late,True,True,13,1522,stratum-03
hash50,stratum-03-block-09,B/Y/early,True,True,21,1149,stratum-03
hash50,stratum-03-block-09,B/Y/late,True,False,8,651,stratum-03
hash75,stratum-03-block-09,A/X/early,True,True,22,1559,stratum-03
hash75,stratum-03-block-09,A/X/late,True,True,15,1447,stratum-03
hash75,stratum-03-block-09,A/Y/early,True,True,23,1470,stratum-03
hash75,stratum-03-block-09,A/Y/late,True,True,12,1611,stratum-03
hash75,stratum-03-block-09,B/X/early,True,True,11,1008,stratum-03
hash75,stratum-03-block-09,B/X/late,True,True,17,1746,stratum-03
hash75,stratum-03-block-09,B/Y/early,True,True,27,1587,stratum-03
hash75,stratum-03-block-09,B/Y/late,True,False,10,709,stratum-03
middle50,stratum-03-block-09,A/X/early,True,False,14,882,stratum-03
middle50,stratum-03-block-09,A/X/late,True,True,11,1346,stratum-03
middle50,stratum-03-block-09,A/Y/early,True,False,15,994,stratum-03
middle50,stratum-03-block-09,A/Y/late,True,False,7,921,stratum-03
middle50,stratum-03-block-09,B/X/early,True,True,8,1309,stratum-03
middle50,stratum-03-block-09,B/X/late,True,True,11,1204,stratum-03
middle50,stratum-03-block-09,B/Y/early,True,True,19,1022,stratum-03
middle50,stratum-03-block-09,B/Y/late,True,False,7,836,stratum-03
full,stratum-03-block-10,A/X/early,True,True,22,2010,stratum-03
full,stratum-03-block-10,A/X/late,True,True,25,2020,stratum-03
full,stratum-03-block-10,A/Y/early,True,True,31,2024,stratum-03
full,stratum-03-block-10,A/Y/late,True,True,28,2002,stratum-03
full,stratum-03-block-10,B/X/early,True,True,26,2036,stratum-03
full,stratum-03-block-10,B/X/late,True,True,17,2030,stratum-03
full,stratum-03-block-10,B/Y/early,True,True,30,2177,stratum-03
full,stratum-03-block-10,B/Y/late,True,True,27,2025,stratum-03
hash50,stratum-03-block-10,A/X/early,True,False,4,395,stratum-03
hash50,stratum-03-block-10,A/X/late,True,True,12,1102,stratum-03
hash50,stratum-03-block-10,A/Y/early,True,True,12,1035,stratum-03
hash50,stratum-03-block-10,A/Y/late,True,True,11,1248,stratum-03
hash50,stratum-03-block-10,B/X/early,True,True,12,1065,stratum-03
hash50,stratum-03-block-10,B/X/late,True,True,8,1180,stratum-03
hash50,stratum-03-block-10,B/Y/early,True,True,16,1336,stratum-03
hash50,stratum-03-block-10,B/Y/late,True,False,11,913,stratum-03
hash75,stratum-03-block-10,A/X/early,True,True,14,1277,stratum-03
hash75,stratum-03-block-10,A/X/late,True,True,20,1786,stratum-03
hash75,stratum-03-block-10,A/Y/early,True,True,23,1619,stratum-03
hash75,stratum-03-block-10,A/Y/late,True,True,13,1314,stratum-03
hash75,stratum-03-block-10,B/X/early,True,True,17,1277,stratum-03
hash75,stratum-03-block-10,B/X/late,True,True,11,1551,stratum-03
hash75,stratum-03-block-10,B/Y/early,True,True,23,1742,stratum-03
hash75,stratum-03-block-10,B/Y/late,True,True,20,1333,stratum-03
middle50,stratum-03-block-10,A/X/early,True,True,11,1164,stratum-03
middle50,stratum-03-block-10,A/X/late,True,True,13,1229,stratum-03
middle50,stratum-03-block-10,A/Y/early,True,True,15,1119,stratum-03
middle50,stratum-03-block-10,A/Y/late,True,False,14,882,stratum-03
middle50,stratum-03-block-10,B/X/early,True,True,13,1085,stratum-03
middle50,stratum-03-block-10,B/X/late,True,True,9,1109,stratum-03
middle50,stratum-03-block-10,B/Y/early,True,False,15,834,stratum-03
middle50,stratum-03-block-10,B/Y/late,True,True,13,1210,stratum-03
